ID,Date,Year,Startup,Industry,SubIndustry,City,Investors,Investment Type,Funding Amount
1,09/01/2020,2020,BYJU’S,E-Tech,E-learning,Bengaluru,Tiger Global Management,Private Equity Round,"200,000,000.00"
2,13/01/2020,2020,Shuttl,Transportation,App based shuttle service,Gurgaon,Susquehanna Growth Equity,Series C,"8,048,394.00"
3,09/01/2020,2020,Mamaearth,E-commerce,Retailer of baby and toddler products,Bengaluru,Sequoia Capital India,Series B,"18,358,860.00"
4,02/01/2020,2020,https://www.wealthbucket.in/,FinTech,Online Investment,New Delhi,Vinod Khatumal,Pre-series A,"3,000,000.00"
5,02/01/2020,2020,Fashor,Fashion and Apparel,Embroiled Clothes For Women,Mumbai,Sprout Venture Partners,Seed Round,"1,800,000.00"
6,13/01/2020,2020,Pando,Logistics,"Open-market, freight management platform",Chennai,Chiratae Ventures,Series A,"9,000,000.00"
7,10/01/2020,2020,Zomato,Hospitality,Online Food Delivery Platform,Gurgaon,Ant Financial,Private Equity Round,"150,000,000.00"
8,12/12/2019,2019,Ecozen,Technology,Agritech,Pune,Sathguru Catalyzer Advisors,Series A,"6,000,000.00"
9,06/12/2019,2019,CarDekho,E-Commerce,Automobile,Gurgaon,Ping An Global Voyager Fund,Series D,"70,000,000.00"
10,03/12/2019,2019,Dhruva Space,Aerospace,Satellite Communication,Bengaluru,"Mumbai Angels, Ravikanth Reddy",Seed,"50,000,000.00"
11,13/12/2019,2019,Rivigo,Technology,Logistics Services and Solutions,Gurgaon,"SAIF Partners, Spring Canter Investment Ltd.",Series F,"20,000,000.00"
12,17/12/2019,2019,Healthians,B2B-focused foodtech startup,Food Solutions For Corporate,Bengaluru,"Paytm, NPTK, Sabre Partners and Neoplux",Series C,"12,000,000.00"
13,16/12/2019,2019,Licious,E-Commerce,Online Meat And Seafood Ordering Startup,Bengaluru,Vertex Growth Fund,Series E,"30,000,000.00"
15,14/12/2019,2019,Trell,Video,Experience Discovery Platform,Bengaluru,Ruizheng Investment,Seed Round,"2,000,000.00"
16,11/12/2019,2019,Rein Games,Gaming,Real money based gaming startup,Noida,Manipal Education and Medical Group (MEMG),Seed Round,"50,000,000.00"
17,20/12/2019,2019,Lenskart.com,E-Commerce,Online Eyewear Shopping Portal,Faridabad,SoftBank Vision Fund,Series G,"231,000,000.00"
18,13/11/2019,2019,Freshworks,Software,Business and customer engagement tools,San Francisco,"Sequoia, CapitalG, Accel",Series H,"150,000,000.00"
19,14/11/2019,2019,Misters,Health and wellness,Men's Health and Wellness brand,Gurgaon,"Sauce.vc, Rainforest Ventures",Series B,"486,000.00"
20,13/11/2019,2019,Sunstone Eduversity Pvt. Ltd,Education,Elearning,Gurgaon,"Prime Venture Partners, LetsVenture, PS1 Venture and GlobalLogic co-founder Rajul Garg",Seed,"1,500,000.00"
22,18/11/2019,2019,Healthians,Health and Wellness,Healthcare services,Gurgaon,"DG Daiwa Ventures, DG Incubation",Series B,"12,000,000.00"
23,15/11/2019,2019,Ninjacart,B2B Marketing,Agritech,Bengaluru,Trifecta Capital Advisors,Debt Funding,"26,000,000.00"
24,20/11/2019,2019,Aye Finance,FinTech,Ficial Services To MSMEs,Gurgaon,FinTech,Debt Funding,"17,411,265.00"
25,12/11/2019,2019,SuperGaming,Video Games,Social gaming platform,Pune,Dream Incubator,Seed Funding,"1,300,000.00"
26,20/11/2019,2019,Clumio,SaaS,Recovery software,"San Jose,","Altimeter Capital, Sutter Hill Ventures",Series C,"135,000,000.00"
27,11/11/2019,2019,eBikeGo,Last Mile Transportation,Electric bike rental,Amritsar,Startup Buddy,Seed,"300,000.00"
28,19/11/2019,2019,Digital Mall Asia,E-Commerce,Virtual e-commerce platform,Delhi,Amour Infrastructure,Seed Funding,"220,000,000.00"
29,18/11/2019,2019,Medikabazaar,Healthcare,B2B platform for medical supplies,Mumbai,"Ackermans & van Haaren, HealthQuad, Rebright Partners, Toppan Printing",Series B,"15,800,000.00"
30,15/11/2019,2019,Vogo Automotive,Last Mile Transportation,Scooter sharing app,Kormangala,"Matrix Partners, Stellaris Venture Partners, Kalaari Capital",Series B,"283,000,000.00"
32,25/11/2019,2019,Paytm,FinTech,Mobile Wallet,Noida,Vijay Shekhar Sharma,Funding Round,"1,000,000,000.00"
33,04/10/2019,2019,Dunzo,Customer Service,Delivery Service,Bengaluru,Lightbox,Series D,"45,000,000.00"
34,02/10/2019,2019,Udaan,B2B,Business development,Bengaluru,"Altimeter Capital, DST Global",Series D,"585,000,000.00"
36,05/09/2019,2019,FPL Technologies,FinTech,Ficial Services,Pune,"Matrix Partners India, Sequoia India",Maiden Round,"4,500,000.00"
37,04/09/2019,2019,Cashflo,FinTech,Invoice discounting platform and SME lending marketplace,Mumbai,SAIF Partners,Series A,"3,300,000.00"
38,04/09/2019,2019,Digital F5,"Advertising, Marketing",Digital marketing firm,Mumbai,TIW Private Equity,Private Equity Round,"6,000,000.00"
39,04/09/2019,2019,3rdFlix,SaaS,Education Technology,Hyderabad,Exfinity Venture Partners,pre-series A,"5,000,000.00"
40,04/09/2019,2019,75F,IoT,Building automation system,Burnsville,Breakthrough Energy Ventures,Series A,"18,000,000.00"
41,04/09/2019,2019,Myelin Foundry,Information Technology,Deep-technology,Bengaluru,Endiya Partners,Seed,"1,000,000.00"
42,04/09/2019,2019,Atomberg Technology,Consumer Technology,"Consumer Electronics, Home Appliances",Mumbai,A91 Partners,Series A,"10,000,000.00"
43,04/09/2019,2019,GOQii,Health and Wellness,Wearable Fitness Bands,Menlo Park,Bennett Coleman and Company Ltd (BCCL),Series C,"450,000,000.00"
44,03/09/2019,2019,Vyapar App,Accounting,Mobile-based Accounting Software,Bengaluru,"India Quotient, Axilor Ventures",Series A,"5,000,000.00"
45,01/08/2019,2019,CarDekho,E-Commerce,Automotive,Gurgaon,SC GG India Mobility Holdings LLC,Series C,"20,000,000.00"
46,01/08/2019,2019,Progcap,Fice,Supply Chain Management,New Delhi,Sequoia India,Series A,"5,000,000.00"
48,01/08/2019,2019,Alteria Capital,Fice,VC Funds,Mumbai,"Azim Premji, Binny Bansal",Single Venture,"140,000,000.00"
49,01/08/2019,2019,Pine Labs,Information Technology,Last-mile retail transaction technology,Noida,Pine Labs Pte Ltd,Corporate Round,"38,080,000.00"
50,12/08/2019,2019,Meesho,E-Commerce,Social Commerce,Bengaluru,Naspers,Series D,"125,000,000.00"
51,13/08/2019,2019,Cars24,E-Commerce,Car Retail,Gurugram,MS Dhoni,Series D,"11,000,000.00"
52,13/08/2019,2019,Uniphore,Customer Service Platform,Conversational AI,Palo Alto,March Capital Partners,Series C,"51,000,000.00"
53,23/08/2019,2019,Zendrive,Automotive,Road Safety Analytics,San Francisco,XL Innovate,Series B,"37,000,000.00"
54,23/08/2019,2019,Lo! Foods,Consumer Goods,Low carb food for Diabetics,Bengaluru,"Rashmi Daga (founder, FreshMenu), Raveen Sastry (co-founder, Myntra) and Mitesh Shah (finance chief, BookMyShow)",Seed Round,"500,000.00"
55,23/08/2019,2019,Tala,FinTech,Digital Lending Platform,Santa Monica,RPS Ventures,Series D,"110,000,000.00"
56,22/08/2019,2019,INDwealth,FinTech,Wealth Management,Gurgaon,Tiger Global Management,Venture Round,"15,000,000.00"
57,21/08/2019,2019,HungerBox,Food and Beverage,B2B Foodtech,Bengaluru,One97 Communications Ltd.,Series C,"6,590,000.00"
58,23/08/2019,2019,AdmitKard,EdTech,University Admissions,Noida,Growth DNA,Seed Round,"1,000,000.00"
60,19/08/2019,2019,Grofers,E-Commerce,Grocery Delivery,Gurgaon,Softbank Vision Fund,Series F,"70,000,000.00"
61,27/08/2019,2019,Rapido Bike Taxi,Transportation,Bike Taxi,Bengaluru,Westbridge Capital,Series B,"3,900,000,000.00"
62,02/07/2019,2019,RenewBuy,Fice,Auto Insurance,Gurgaon,"Lok Capital, IIFL Wealth",Series B,"19,000,000.00"
63,02/07/2019,2019,Atlan,Information Technology,Big Data,Singapore,WaterBridge Ventures,Pre-Series A,"2,500,000.00"
64,01/07/2019,2019,WizCounsel,Compliance,Consulting,New Delhi,Kapil Dev,Angel,"145,000.00"
65,03/07/2019,2019,Ola Cabs,Transport,Cabs,Kormangala,"DIG Investment Ab, Deshe Holdings, Samih Toukan and Hussam Khoury",Series J,"1,000,000.00"
66,01/07/2019,2019,Uniphore,Artificial Intelligence,Speech Recognition,Taramani,March Capital Partners,Series C,"38,080,000.00"
67,04/07/2019,2019,Daalchini Technologies,Food and Beverage,Digital Vending Machine,New Delhi,Artha Venture,Seed Round,"500,000.00"
68,10/07/2019,2019,"""BYJU\\'S""",EdTech,Education,Bengaluru,Qatar Investment Authority,Private Equity Round,"150,000,000.00"
69,11/07/2019,2019,Moglix,E-Commerce,Industrial Tools and Equipments,Singapore,"Composite Capital Management, Sequoia Capital India, Tiger Global Management",Series D,"60,000,000.00"
70,10/07/2019,2019,Ezyhaul,Tech,Logistics,Singapore,Undisclosed,Series B,"16,000,000.00"
71,10/07/2019,2019,Indus OS,Tech,Smartphone Operating System,Andheri,Ventureast,Series B,"5,750,000.00"
72,10/07/2019,2019,HealthAssure,Health Care,Primary care medical network,Mumbai,Blume Ventures,Series A,"2,500,000.00"
73,09/07/2019,2019,House of Msasaba,Luxury Label,Clothes and Apparel,Mumbai,Binny Bansal,Series A,"1,000,000.00"
74,08/07/2019,2019,Board Infinity,EdTech,Full-stack career platform,Chembur,Multiple Angel Investors,Angel Round,"319,605.00"
75,05/06/2019,2019,NoBroker,E-Commerce,Real Estate,Bengaluru,General Atlantic,Series C,"51,000,000.00"
76,04/06/2019,2019,Bira91,Food and Beverage,Brewery,New Delhi,Anicut Capital,Debt Funding,"10,000,000.00"
78,03/06/2019,2019,Avail Finance,Fice,FinTech,Bengaluru,Matrix Partners,Series A,"9,000,000.00"
79,04/06/2019,2019,BharatPe,Fice,FinTech,New Delhi,Insight Partners,Series B,"75,000,000.00"
80,04/06/2019,2019,Recykal,Waste Management Service,Optimization,Hyderabad,"Triton Investment Advisors, Pidilite Industries director Ajay Parekh",pre-Series A,"26,000,000.00"
81,03/06/2019,2019,Agara Labs,Deep-Tech,Artificial Intelligence,Bengaluru,Blume Ventures and RTP Global,pre-Series A,"2,500,000.00"
83,06/06/2019,2019,Chakr Innovation,Energy,Renewable Energy,New Delhi,IAN Fund,Series A,"26,000,000.00"
84,06/06/2019,2019,Pratilipi,Digital Media,E-Books,Bengaluru,Qiming Venture Partners,Series B,"15,109,500.00"
85,10/06/2019,2019,Bolo App,Digital Media,Video Platform,Bengaluru,Nexus Venture Partners,Seed Funding,"430,200.00"
86,10/06/2019,2019,OkCredit,FinTech,Ficial Services,Haryana,Tiger Global Management,Series A,"15,500,000.00"
87,06/06/2019,2019,Biz2Credit,FinTech,Online Lending Platform,New York,WestBridge Capital,Series B,"52,000,000.00"
88,08/06/2019,2019,Vogo Automotive Pvt. Ltd.,Transportation,Dockless Scooter Rental Company,Karnataka,Alteria Capital,Debt Funding,"3,584,000.00"
89,04/06/2019,2019,Leegality,Services,Digital Documentation,Mumbai/Bengaluru,Mumbai Angels,Series A,"3,400,000.00"
91,06/05/2019,2019,Saahas Zero Waste,Waste Management Service,Optimization,Bengaluru,C4D Partners,Venture - Series Unknown,"868,600.00"
93,01/05/2019,2019,BlackBuck,Transport,Logistics,Bengaluru,"Goldman Sachs Investment Partners and Silicon Valley-based Accel, Wellington, Sequoia Capital, B Capital, LightStreet, Sands Capital and International Finance Corporation,",Series D,"150,000,000.00"
94,02/05/2019,2019,Zenoti,Saas,Beauty and Wellness Industry,Hyderabad,Tiger Global Management,Series C,"50,000,000.00"
95,28/05/2019,2019,Ather Energy,Automobile,Electric Vehicle,Bengaluru,Sachin Bansal,Series C,"51,000,000.00"
96,28/05/2019,2019,FreshVnF,Agtech,Fresh Agriculture Produces,Mumbai,Equanimity Ventures,Seed Round,"140,000,000.00"
97,30/05/2019,2019,GlowRoad,E-commerce,Retail,Bengaluru,"Korea Investment Partners, Vertex Ventures",Series B,"11,500,000.00"
98,31/05/2019,2019,Bira91,Food and Beverage,Brewery,New Delhi,Sixth Sense Ventures,Series B,"5,600,000.00"
99,16/04/2019,2019,Kuvera,Fice,Wealth Management,Bengaluru,Eight Roads,Series A,"45,000,000.00"
100,12/04/2019,2019,Medlife,E-commerce,Online Medicine,Bengaluru,Prasid Uno Family Trust,Private Equity,"17,000,000.00"
101,10/04/2019,2019,Kabadiwala,E-commerce,Waste Management,Bhopal,"Unilever, Beehive Capital Advisor, ABCOM Investments, Parekh Marine Transport,",Private Equity,"430,665.00"
102,13/04/2019,2019,Tripoto,Social Media,Travel,New Delhi,"Orchid India, Hornbill Orchid India Fund, Chiratae Ventures (formerly IDG Ventures), 3one4 Capital, Lasmer NV",Series B,"3,591,375.00"
103,12/04/2019,2019,Azah,Health and Wellness,Organic wellness,Gurugram,Unnamed angel investors,Seed Funding,"200,000.00"
104,11/04/2019,2019,Setu,Fintech,Banking,Bengaluru,Lightspeed India Partners,Seed Funding,"3,500,000.00"
105,10/04/2019,2019,Toppr,Edtech,E-learning,Mumbai,Milestone,Debt and Preference capital,"6,320,820.00"
106,10/04/2019,2019,Craftsvilla,E-commerce,Fashion and Apparel,Mumbai,Supera Pte Ltd,Inhouse Funding,"2,443,495.00"
107,10/04/2019,2019,Unacademy,Edtech,E-learning,Bengaluru,Kalyan Krishnamurthy,Seed/ Angel Funding,"307,000.00"
108,11/04/2019,2019,CleverTap,SaaS,Mobile analytics and marketing,Mumbai,"Sequoia India, Tiger Global Management, Accel Partners",Series B,"26,000,000.00"
109,19/04/2019,2019,My Healthcare,E-commerce,Software Solutions,Bengaluru and Gurugram,Sixth Sense Ventures,Series A,"3,000,000.00"
110,19/04/2019,2019,KrazyBee,E-commerce,Lending Platform,Bengaluru,"BAC Acquisitions, Unifi AIF, BRD Securities, Northern R Capital",Debt,14342000+
111,17/04/2019,2019,Shuttl,Transportation,Bus Aggregation,Gurugram,New Atlantic Ventures,Venture Round,"5,000,000.00"
112,17/04/2019,2019,Increff,Technology,Supply-chain technology solutions,Bengaluru,"021 Capita, Binny Bansal",Series A,"3,000,000.00"
114,08/02/2019,2019,Zilingo,Ecommerce,Fashion & Apparel,India/Singapore,"Sequoia Capital and Temasek Holdings, EDBI, Burda Principal Investments, and Sofina",Series D,"226,000,000.00"
115,13/02/2019,2019,NanoClean Global,otechnology,Anti-Pollution,New Delhi,"LetsVenture, PitchRight Venture, 91SpringBoard, AL Nour International Holdings and Mark V Investments",Series A,"600,000.00"
116,14/02/2018,2018,OyoRooms,Hospitality,Budget Rooms,Gurgaon,DiDi Chuxing,Equity,"100,000,000.00"
117,03/01/2019,2019,CarDekho,Automobile,Online Marketplace,Jaipur,"Sequoia India, Hillhouse Capital, Alphabet\\xe2\\x80\\x99s growth investment arm Capital G and Axis Bank",Series C,"110,000,000.00"
118,04/01/2019,2019,Vyome Therapeutics Inc.,Health and Wellness,Specialty pharmaceutical,India/US,"Iron Pillar, Perceptive Advisors, Romulus Capital and Kalaari Capital",Series D,"22,000,000.00"
119,04/01/2019,2019,Samunnati Financial Intermediation & Services Pvt. Ltd,Fice,Non-banking ficial company,Chennai,"MASSIF, a Dutch government fund",Debt-Funding,"5,000,000.00"
120,04/12/2018,2018,Manch,Social Media,Hyperlocal Content,Delhi,Stellaris Venture Partners,Seed Funding,"700,000.00"
121,01/12/2018,2018,UrbanClap Technologies Pvt. Ltd,Services Platform,Home services marketplace,New Delhi,Steadview Capital and Vy Capital.,Series D,"50,000,000.00"
122,02/12/2018,2018,Guiddoo,Travel Tech,Platform for travel agents,Mumbai,Individual Investors,Pre-Series A,"800,000.00"
123,02/12/2018,2018,Career Anna,Online Education,"Video-based certification, trainings",Gurugram,Individual Investors,Pre-Series A,"572,000.00"
124,04/12/2018,2018,Nagpur Wholesale,Online Marketplace,eCommerce,Nagpur,Omphalos Ventures India LLP,Seed Funding,"143,000.00"
125,06/12/2018,2018,ShopKirana,B2B,eCommerce,Indore,"Info Edge, AET Fund, Akatsuki and Incubate Fund from Japan and Better Capital AngelList syndicate.",Seed Funding,"2,000,000.00"
126,06/12/2018,2018,BuildSupply,"SaaS, Ecommerce","Real Estate, ERP",Gurugram,"Venture Highway, GREE Ventures, Space Matrix, Individual Investors",Series A,"3,500,000.00"
127,01/11/2018,2018,GoDesi,Food and Beverage,Regional Flavours,Bengaluru,Lead Angels Network,Seed/ Angel Funding,"138,995.00"
128,03/11/2018,2018,Veritas Finance Ltd.,NBFC,MSME Fice,Chennai,"Norwest Venture Partners, CDC Group, the UK\\xe2\\x80\\x99s Development Finance Institution and P Surendra Pai",Series D,"27,799,000.00"
129,06/11/2018,2018,Meesho,Ecommerce,Social Commerce,Bengaluru,"Shunwei Capital, DST Partners and RPS Ventures",Series C,"50,000,000.00"
130,08/11/2018,2018,Mobile Premier League,Gaming,Mobile e-Sports,Bengaluru,Undisclosed,Series A,"500,000.00"
131,08/11/2018,2018,A&R Bon Vivants,Food,Meat Retail Chain,Jaipur,"RB Investments, Singapore",Equity,"1,000,000.00"
132,12/11/2018,2018,Blackbuck,Food Tech,POS For Online Ordering,"New York, Bengaluru",Tiger Global,Series A,"1,000,000.00"
133,12/11/2018,2018,MilkBAsket,Food,Micro-delivery grocery service,New Delhi,Mayfield Fund,Series B,"1,300,000.00"
134,13/11/2018,2018,DriveU,Transport,On-Demand Drivers,Bengaluru,Stevens Creek Ventures,Mezzanine,"1,000,000.00"
135,14/11/2018,2018,CleanseCar,Services,Car Wash,Bengaluru,Venture Catalysts,Seed/ Angel Funding,"500,000.00"
136,19/11/2018,2018,Automation Anywhere,Automation,Robotics,California,SoftBank Vision Fund,Series B,"300,000,000.00"
137,20/11/2018,2018,HealthifyMe,Health and Wellness,Wellness Coach,Bengaluru,"Sistema Asia Fund, VC Samsung NEXT, Chiratae Ventures, Inventus Capital, Blume Ventures and Innoven Capital.",Series B (Extension),"6,000,000.00"
138,21/11/2018,2018,Genius Corner,Education,Personalized Learning,Noida,Individual investors,Seed Funding,"278,000.00"
139,22/11/2018,2018,Aavishkaar-Intellecap Group,Investment,SME Funding,Mumbai,Teachers Insurance and Annuity Association (TIAA),Equity Based Funding,"31,000,000.00"
141,23/11/2018,2018,Signzy,Ficial Tech,Digital Onboarding Solution,Mumbai/Bengaluru,"Stellaris Venture Partners and Kalaari Capital, Rajan Anandan from Google, Dilip Khandwelwal from SAP Labs India, and Amrish Rau from PayU India",Series A,"3,400,000.00"
142,24/11/2018,2018,Engineer.ai,Software,AI Platform,India/US,"Lakestar and Jungle Ventures, Softbank\\xe2\\x80\\x99s DeepCore.",Series A,"29,500,000.00"
143,25/11/2018,2018,InCred Finance,Fice,SME Lending,India,"Paragon Partners, Individual Investors",Private Equity,"42,000,000.00"
144,25/11/2018,2018,Roposo,Social Media,Video Sharing,Delhi,Bertelsmann India Investments,Series B,"1,700,000.00"
146,02/10/2018,2018,Origo Commodities India Pvt. Ltd,Logistics,Supply Chain,Hyderabad,"Cooperative Oikocredit, Caspian and Hivos-Triodos Fund",Seed/ Angel Funding,"11,000,000.00"
147,04/10/2018,2018,Grover Zampa,Food,Wine,Mumbai,Ravi Viswanathan,Private Equity,"8,200,000.00"
148,05/10/2018,2018,Droom,Automobile,New and Used Cars Platform,Gurgaon,ZigExN,Series E,"3,000,000.00"
149,11/10/2018,2018,Innov8,Real Estate,Co-Working,New Delhi,Credence Family Office,Pre-Series A,"4,000,000.00"
150,12/10/2018,2018,Blackbuck,Logistics Tech,Largest Trucking Platform,Bengaluru,Sequoia Capital India,Private Funding,"14,680,000.00"
151,12/10/2018,2018,LetsTransport,Logistics Tech,Book Trucks Online,Bengaluru,Fosun International,Series C,"12,000,000.00"
152,01/09/2018,2018,Netmeds,Consumer Internet,Online Pharmacy Chain,Chennai,"Sistema Asia Fund, Sistema JSFC and Tanncam Investment",Private Equity,"35,000,000.00"
153,03/09/2018,2018,Udaan,B2B Platform,Logistics and Shipping,Bengaluru,DST Global and Lightspeed Venture Partners\\xe2\\x80\\x99 global fund.,Private Equity,"225,000,000.00"
154,03/09/2018,2018,Daily hunt,Consumer Internet,News and ebooks Mobile App\\xc2\\xa0,Bengaluru,Falcon Edge,Private Equity,"6,390,000.00"
157,05/09/2018,2018,Nykaa,Consumer Internet,Online Marketplace For Multi-brand Beauty Cosmetic and Wellness Products,Mumbai,Lighthouse,Private Equity,"157,200,000.00"
159,06/09/2018,2018,Dream11,Consumer Internet,Online Gaming Platform,Mumbai,"Tencent, Kalaari Capital and Private equity firm Multiples Alternate Asset Management",Private Equity,"100,000,000.00"
160,10/09/2018,2018,MamaEarth,Healthcare,Online Marketplace For Mother and Babycare Products,Gurugram,Stellaris Ventures & Others,Private Equity,"4,000,000.00"
161,11/09/2018,2018,AutoGrid,Technology,AI-Based Energy Optimisation and Control Provider,Bengaluru,"CLP Holdings Group, Innogy, \\xc3\\x98rstead, and Tenaska",Private Equity,"32,000,000.00"
162,11/09/2018,2018,Pharmeasy,Consumer Internet,Online Marketplace For Pharmaceutical Products,Mumbai,InnoVen Capital,Debt Funding,"5,500,000.00"
163,11/09/2018,2018,Upwards,Fin-Tech,Online Micro Lending Marketplace,Mumbai,"Shunwei Capital,Quotient, Mayfield & Others",Private Equity,"5,000,000.00"
164,12/09/2018,2018,Kissht,Fin-Tech,Online lending Platform,Mumbai,"Vertex Ventures Southeast Asia (SEA) and India and Sistema Asia Fund, Fosun RZ Capital, Ventureast, and Endiya Partners.\\n\\n",Private Equity,"30,000,000.00"
165,01/08/2018,2018,dishq,Food-Tech,Personalisation Technology Firm Focusing On The Food And Beverage Industry,Bengaluru,"Farm To Fork, Arts Alliance, The Syndicate Fund, Sven Hensen, Zeroth and Artesian Venture Partners",Seed/ Angel Funding,"400,000.00"
167,02/08/2018,2018,Samosa Labs,Consumer Internet,Social Media and Chat Entertainment Platform,Hyderabad,Xiaomi and Sequoia Capital India,Private Equity,"7,000,000.00"
168,03/08/2018,2018,ZiffyHomes,Consumer Internet,Online Home Rental Marketplace,Gurugram,Y Combinator,Private Equity,"120,000.00"
170,07/08/2018,2018,ShopX,Consumer Internet,Assisted E-commerce Platform,Bengaluru,Fung Strategic Holdings,Private Equity,"35,000,000.00"
171,07/08/2018,2018,MakeMyTrip,Consumer Internet,Online Travel Aggregator,Gurugram,MakeMyTrip Limited,Private Equity,"10,000,000.00"
172,08/08/2018,2018,Hansel io,Consumer Internet,Real-time Mobile App Management,Bengaluru,Vertex Ventures,Seed/ Angel Funding,"4,000,000.00"
173,08/08/2018,2018,Metro Bikes,Consumer Internet,Online Bike Rental Marketplace,Bengaluru,"Sequoia Capital India Advisors, Accel Partners and G Raghunandan",Private Equity,"12,200,000.00"
174,08/08/2018,2018,Phone Pe,Consumer Internet,UPI Payments App,Bengaluru,Flipkart,Private Equity,"66,000,000.00"
175,09/08/2018,2018,quizizz,Ed-Tech,e-learning Platform,Bengaluru,"Nexus Venture Partners, Prime Venture Partners and Others",Seed/ Angel Funding,"3,000,000.00"
176,09/08/2018,2018,Happy EMI,Fin-Tech,Consumer Ficing Platform,Bengaluru,AJ Ventures and Jain International Trade Organisation (JITO),Seed/ Angel Funding,"1,000,000.00"
177,13/08/2018,2018,Inthree,Consumer Internet,Rural E-commerce Platform,Chennai,"Ventureast, Orios Venture Partners and the IAN Fund",Seed/ Angel Funding,"4,000,000.00"
178,13/08/2018,2018,Observe AI,Technology,AI Based Solutions Platform,Bengaluru,"Nexus Venture Partners, MGV, Liquid 2 Ventures, Hack VC, Emergent Ventures and Y Combinator",Private Equity,"8,000,000.00"
180,17/08/2018,2018,EazyDiner,Consumer Internet,Online Restaurant Table Reservation Platform,Gurugram,Denlow Investment Trust and Beenext,Private Equity,"5,850,000.00"
182,20/08/2018,2018,RawPressery,Consumer Internet,Online Organic Juice Delivery Service,Mumbai,Alteria Capital,Debt Funding,"4,800,000.00"
183,22/08/2018,2018,Pi Ventures,Technology,Applied Artificial Intelligence and IoT focused\\xc2\\xa0Platform,Bengaluru,CDC Group plc\\xc2\\xa0,Private Equity,"6,000,000.00"
184,22/08/2018,2018,Revv,Consumer Internet,Online Indian Car Rental Platform,Gurugram,"Hyundai, Edelweiss and Beenext, Dream Incubator, Sunjay Kapoor and Telama Investment",Private Equity,"14,270,000.00"
185,26/08/2018,2018,ZestMoney,Consumer Internet,Online Lending Platform,Bengaluru,"Xiaomi,PayU, Ribbit Capital and Omidyar Network",Private Equity,"13,400,000.00"
186,26/08/2018,2018,Shubh Loans,Fin-Tech,\\xc2\\xa0Customer Sourcing Platform\\xc2\\xa0,Bengaluru,"Saama Capital, SRI Capital, Beenext, and Pravega Ventures",Private Equity,"4,200,000.00"
187,27/08/2018,2018,MyUpchar,Healthcare,Local Language Health Content App,Delhi,"Nexus Venture Partners, Omidyar Network and Shunwei Capital",Private Equity,"5,000,000.00"
188,28/08/2018,2018,Narvar,IT,Post-Purchase Customer Engagement Platform\\xc2\\xa0,Bengaluru,Accel (formerly known as Accel Partners),Private Equity,"3,000,000.00"
191,02/07/2018,2018,Biryani By Kilo,Consumer Internet,Online Food Delivery,Gurugram,Ajay Relan and Vinay Mittal,Seed/ Angel Funding,"1,000,000.00"
192,04/07/2018,2018,Anchanto,IT,E-commerce Fulfilment Platform,Pune,MDI Ventures & Telkom Indonesia,Private Equity,"4,000,000.00"
193,05/072018,2018,Loan Tap,Consumer Internet,Online Lending Platform For Salaried Professionals,Mumbai,"Shunwei Capital, Tuscan Ventures, Ashish Goenka, VC firms India Quotient and Kae Capital",Private Equity,"6,250,000.00"
194,06/07/2018,2018,PolicyBazaar,Consumer Internet,Online Insurance Selling Platform,Gurugram,Info Edge (India) Ltd and Temasek,Private Equity,"27,700,000.00"
195,09/07/2018,2018,zippserv,Consumer Internet,Online Platform For Risk-Assessment Services For Real Estate Investments,Bengaluru,Info Edge (India) Ltd,Seed/ Angel Funding,"440,000.00"
196,09/07/2018,2018,Groww,Consumer Internet,Online Platform That Sells Direct Plans Of Mutual Funds,Bengaluru,"Insignia Ventures Partners, Lightbridge Partners & Kairos",Seed/ Angel Funding,"1,100,000.00"
197,10/07/2018,2018,Avenue Growth,Consumer Internet,Online Platform That Connects Brands With Freelance Sales Professionals,Gurugram,"Avtar Monga, chief operating office at IDFC Bank, Aditya Malik & Others",Seed/ Angel Funding,"437,000.00"
199,10/07/2018,2018,Kinara Capital,Fice,Lending Platform For Micro and Small Enterprises,Bengaluru,ResponsAbility,Private Equity,"5,000,000.00"
200,10/07/2018,2018,Shop 101,Consumer Internet,Mobile Storefront And Commerce Platform For Sellers,Mumbai,"Stellaris Venture Partners, Vy Capital, Raghunandan G, and Ramakant Sharma",Private Equity,"5,000,000.00"
201,11/07/2018,2018,Sambandh,Consumer Internet,Online Micro Lending Platform,Rourkela,Base of Pyramid Asia (BOPA) Pte Ltd,Private Equity,"2,500,000.00"
202,12/07/2018,2018,19th mile,IT,Artificial intelligence-based sales acceleration software platform,Gurugram,"Rishi Vasudev, Excelsior Investments, Ritesh Vohra, Praveer Kumar, Prashant Gupta and Others",Seed/ Angel Funding,"180,000.00"
203,12/07/2018,2018,5th Vital,Healthcare,Home diagnostics services provider,Bengaluru,Brand Capital and Others,Seed/ Angel Funding,"500,000.00"
204,13/07/2018,2018,MEngage,Healthcare,A Doctor-Patient Engagement Platform,Jaipur,"Siddharth Agarwal, Mahavir Sharma, Amit Singal, 100 Co-founders Lab and others.",Seed/ Angel Funding,"175,000.00"
205,17/07/2018,2018,Ofbusiness,Fice,Online Lending Platform For SME,Gurugram,"Creation Investments, Falcon Edge, Matrix Partners India and Zodius Capital",Private Equity,"29,000,000.00"
206,17/07/2018,2018,Cars24,Consumer Internet,Online Used Car Marketplace,Gurugram,"Kingsway FCI Fund, KCK Global & Others",Private Equity,"49,700,000.00"
207,18/07/2018,2018,The Ken,Consumer Internet,Subscription-Only News Website,Bengaluru,Omidyar Network & Others,Seed/ Angel Funding,"1,500,000.00"
208,19/07/2018,2018,Book My Show,Consumer Internet,Online Ticketing Platform,Mumbai,"TPG Growth, The Rise Fund & Others",Private Equity,"100,000,000.00"
210,21/07/2018,2018,PaySense,Consumer Internet,Online Consumer Lending Platform,Mumbai,PayU & Others,Private Equity,"18,000,000.00"
212,23/07/2018,2018,VTION,Technology,Media Analytics,Gurugram,"AngelList, Rahul Khanna, Rajeev Arora and Ram Ramsundar.",Seed/ Angel Funding,"280,000.00"
213,23/07/2018,2018,Log9 Materials,Technology,otechnology Company Specializing In Graphene,Bengaluru,"Metaform Ventures, Hemant Luthra, Micro venture capital firm GEMS Partners and Others",Seed/ Angel Funding,"436,000.00"
214,24/07/2018,2018,kidovators,Ed-Tech,Skill Learning Platform,Bengaluru,Gray Matters,Seed/ Angel Funding,"180,000.00"
215,24/07/2018,2018,Digit,Consumer Internet,Online Insurance Startup,Pune,Fairfax,Private Equity,"45,000,000.00"
216,25/07/2018,2018,Black Soil,Fice,Non-Banking Ficial Company,Mumbai,"Allcargo Logistics, Navneet Education and Mahavir Agency",Private Equity,"17,000,000.00"
217,25/07/2018,2018,Trell,Consumer Internet,Mobile-First Video Blogging App,Bengaluru,"BeeNext , WEH Ventures and Sprout Ventures",Seed/ Angel Funding,"1,250,000.00"
218,25/07/2018,2018,iqlect,Technology,Data Analytics Firm,Bengaluru,Ventureast and Exfinity,Seed/ Angel Funding,"2,500,000.00"
219,26/07/2018,2018,Entropik,IT,Software-As-A-Service Platform,Bengaluru,"Bharat Innovation, IDFC-Parampara Capital, Arthavida Ventures, Jitendra Gupta & Others",Seed/ Angel Funding,"1,100,000.00"
221,26/07/2018,2018,TheCapitalNet,Fin-Tech,Unified Global Investments Ecosystem,Hyderabad,Lindwall Family Investments LLC (LFI),Private Equity,"500,000.00"
222,30/07/2018,2018,Shuttl,Consumer Internet,Bus Aggregation Platform,Gurugram,Amazon Alexa Fund & Dentsu Ventures,Private Equity,"11,000,000.00"
223,30/07/2018,2018,Cure Fit,Consumer Internet,Health and fitness Platform,Bengaluru,"IDG Ventures, Accel Partners, Kalaari Capital and Others",Private Equity,"120,000,000.00"
224,31/07/2018,2018,Five Star Group,Fin-Tech,Non-Bank Lending Platform For SME,Chennai,"TPG, Norwest Venture Partners, Sequoia Capital & Matrix Partners",Private Equity,"100,000,000.00"
225,31/07/2018,2018,Healthsignz,Healthcare,Health and Well being Platform,Hyderabad,Kantilal Patel,Seed/ Angel Funding,"5,000,000.00"
226,01/06/2018,2018,CoinTribe,Fice,Credit-Based Lending Marketplace For Small And Medium Enterprises,Gurugram,"Sabre Partners, Puneet Dalmia & Others",Private Equity,"10,000,000.00"
227,04/06/2018,2018,Digiconectt,Technology,Sales Analytics and Enablement Platform,Bengaluru,Aspire Logistics LLC,Seed/ Angel Funding,"125,000.00"
231,07/06/2018,2018,Annapurna Finance,Fice,Non-Banking Ficial Company,Bhubneswar,Oman India Joint Investment Fund (OIJIF),Private Equity,"23,000,000.00"
232,07/06/2018,2018,Meesho,Consumer Internet,Online Marketplace For Resellers,Bengaluru,"Sequoia Capital India, SAIF Partners, Y Combinator and Venture Highway",Private Equity,"11,500,000.00"
233,10/06/2018,2018,AyeFinance,Fice,Online Lending Platform,Gurugram,"CapitalG, SAIF Partners and LGT Impact Ventures",Private Equity,"21,500,000.00"
235,12/06/2018,2018,Alpha Capital,Fice,Supplychain Fice,Mumbai,Alpha Capital,Private Equity,"14,800,000.00"
236,12/06/2018,2018,eshakti,E-Commerce,Fashion e-tailer,Chennai,Paragon Partners,Private Equity,"10,100,000.00"
237,12/06/2018,2018,Daily Ninja,Consumer Internet,Hyperlocal Delivery Platform,Bengaluru,Saama Capital and Sequoia Capital,Seed/ Angel Funding,"3,000,000.00"
238,13/06/2018,2018,NirogStreet,Healthcare,An Online Platform That Connects Ayurveda Doctors With Patients,Gurugram,"Spiral Ventures, Subho Ray and Samir Kumar",Seed/ Angel Funding,"300,000.00"
239,13/06/2018,2018,Nivesh,Fice,Mass Market Mutual Fund Investment Platform,Noida,"LetsVenture, Rajan Anandan, Basab Pradhan, Vivek Khare and Bijoy George",Seed/ Angel Funding,"450,000.00"
241,14/06/2018,2018,HomeLane,Consumer Internet,Online Home Furnishing Solutions,Bengaluru,Brand Capital,Seed/ Angel Funding,"3,450,000.00"
242,14/06/2018,2018,Network Intelligence,Technology,Cybersecurity Specialist,Mumbai,Helix Investments,Private Equity,"4,800,000.00"
243,18/06/2018,2018,Tynor Othontics,Healthcare,Prosthetics Manufacturers,Chandigarh,Lighthouse Funds & Thuasne Participations,Private Equity,"21,000,000.00"
244,18/06/2018,2018,Elucidata,IT,Data Analytics (SaaS),Delhi & Cambridge,Hyperplane Venture Capital and several angel investors,Seed/ Angel Funding,"1,700,000.00"
246,19/06/2018,2018,RentSher,Consumer Internet,Online Rental Marketplace,Bengaluru,"Shorooq Investments, LetsVenture & Others",Seed/ Angel Funding,"1,100,000.00"
247,20/06/2018,2018,Drip capital,Fice,Trade Fice Firm,Mumbai,"Accel Partners, Sequoia India, Y Combinator and others.",Private Equity,"15,000,000.00"
248,22/06/2018,2018,WickedRide,Consumer Internet,Online Motorbike And Scooter Rental Platforms,Bengaluru,"Sequoia Capital, Accel Partners & Raghunandan Gangappa",Private Equity,"9,100,000.00"
249,25/06/2018,2018,PolicyBazaar,Consumer Internet,Online Insurance Selling Platform,Gurugram,SoftBank Vision Fund & Info Edge (India) Ltd,Private Equity,"200,000,000.00"
250,25/06/2018,2018,HipBar,Consumer Internet,Digital Payment Platform For Beverage Delivery,Bengaluru,Diageo India,Private Equity,"4,000,000.00"
251,25/06/2018,2018,Sqqrl,Fice,App-based investment platform,Gurugram,Equanimity Venture Fund,Seed/ Angel Funding,"1,000,000.00"
252,26/06/2018,2018,Paytm,Technology,Digital Payment Platform,Noida,One 97 Communications,Private Equity,"8,950,000.00"
253,26/06/2018,2018,Sigtuple,Healthcare,Data Driven Intelligence Solutions Platform,Bengaluru,"Accel Partners, IDG Venture, Endiya Partners, pi Ventures, VH Capital, Axilor Ventures and Binny Bansal",Private Equity,"19,000,000.00"
254,27/06/2018,2018,Wow Express,Technology,E-commerce Logistics Platform,Mumbai,Undisclosed Existing Investors As Well As The Tamarind Family Trust,Private Equity,"4,500,000.00"
255,28/06/2018,2018,Front Desk AI,Technology,An AI Platform Offering Automated Customer Service Software,Bengaluru,Speciale Invest & Others,Seed/ Angel Funding,"1,100,000.00"
256,28/06/2018,2018,Edureka,Ed-Tech,Online Education Platform,Bengaluru,Leo Capital,Seed/ Angel Funding,"2,000,000.00"
258,02/05/2018,2018,OpenTap,Fice,Online Lending Platform,Chennai,Unknown High Net-Worth Individuals,Seed / Angel Funding,"450,000.00"
259,02/05/2018,2018,Bizongo,Consumer Internet,Aggregator For Packaging Material,Mumbai,"B Capital, International Finance Corporation (IFC), Accel Partners and IDG Ventures",Private Equity,"22,000,000.00"
260,03/05/2018,2018,Disprz,IT,SaaS,Chennai,"IL&FS Private Equity, Kae Capital & Others",Seed / Angel Funding,"2,500,000.00"
262,09/05/2018,2018,i3sysytems,Technology,AI product company For Health and Life Insurane Companies,Mumbai,"Unitus Ventures, Behram Vakil and Jerxis Vandrevala",Seed / Angel Funding,"1,000,000.00"
263,11/05/2018,2018,Earth Food,Consumer Internet,Agri-tech,Pune,Rairah Corporation,Seed / Angel Funding,"949,000.00"
264,14/05/2018,2018,Nykaa,Consumer Internet,Beauty e-tailer,Mumbai,"Sunil Munjal, Harsh Mariwala, Dalip Pathak and Others",Private Equity,"24,000,000.00"
265,16/05/2018,2018,mfine,Healthcare,Doctor-Consultation App,Bengaluru,"Prime Venture Partners, Stellaris Venture Partners and Mayur Abhaya Srisrimal",Private Equity,"4,200,000.00"
266,21/05/2018,2018,Rocketium,Technology,Online Video Creation Platform,Bengaluru,Blume ventures,Seed/ Angel Funding,"300,000.00"
267,21/05/2018,2018,MilkBasket,Technology,Micro-Delivery Grocery Startup,Gurugram,"Kalaari Capital, Unilever Ventures and Blume Ventures",Private Equity,"7,000,000.00"
268,22/05/2018,2018,Vola,Fice,Micro Lending Platform,Bengaluru,Credika and unnamed angel investors,Seed/ Angel Funding,"500,000.00"
269,22/05/2018,2018,Cashkumar,Consumer Internet,P2P Lending Platform,Bengaluru,LetsVenture,Seed/ Angel Funding,"735,000.00"
270,23/05/2018,2018,Edyoo,E-Commerce,Products For Shoolgoing Children,Bengaluru,RS Shanbag,Seed/ Angel Funding,"735,000.00"
271,23/05/2018,2018,Aashiyaan,Fice,Housing Fice For Low-Income Families,Kolkata,"Insistor, Oikocredit",Seed/ Angel Funding,"2,000,000.00"
272,24/05/2018,2018,Smartivity,Ed-tech,Designer Of Toys and Learning Projects For Kids,Delhi,"Ashish Kacholi, S Chand Group",Seed/ Angel Funding,"2,000,000.00"
273,24/05/2018,2018,Bonphulapl,Clean-tech,Oxygen Optimiser Manufacturer,Delhi,Atul Gupta and Saurabh Rastogi,Seed/ Angel Funding,"293,000.00"
274,27/05/2018,2018,Acko,Consumer Internet,Online Insurance Platform,Mumbai,"Amazon, Ashish Dhawan, Catamaran Ventures, NR Narayana Murthy.",Seed/ Angel Funding,"12,000,000.00"
275,28/05/2018,2018,HWell24,Healthcare,Home Healthcare Aggregator,Mumbai,"Prashant Mehta, Mitali Pawar, Nikhil G and Bhavesh P, R Ranganathan, ONCOTRUST and Medintel Services Pvt. Ltd",Seed/ Angel Funding,"200,000.00"
276,29/05/2018,2018,Toffee,Consumer Internet,Online Insurance Platform,Gurugram,"Kalaari Capital, Omidyar Network and Accion Venture Labs",Seed/ Angel Funding,"1,500,000.00"
277,29/05/2018,2018,Tonetag,Technology,Mobile Payments Technology Platform,Bengaluru,Amazon Inc. and Mastercard,Private Equity,"8,000,000.00"
279,30/05/2018,2018,Stellaps,Technology,Iot Application Platform In Agriculture,Bengaluru,"IndusAge Partners, Bill & Melinda Gates Foundation, Qualcomm Venture, ABB Technology Ventures, Omnivore, Blume Ventures, Venture Highway and BEENEXT",Private Equity,"14,000,000.00"
280,31/05/2018,2018,Credright,Consumer Internet,Lending Platform For SMEs,Hyderabad,"Accion Venture Lab, YourNest Venture Capital And Other Angel Investors",Seed/ Angel Funding,"1,300,000.00"
281,02/04/2018,2018,Fitternity,Consumer Internet,Online Fitness Discovey Platform,Mumbai,"Exfinity Venture, Saha fund Partners, Arihant Patni of Patni Family Office, Anjali Bansal, Shardul Amarchand Mangaldas, Satish Khanna and Taparia family office.",Private Equity,"2,000,000.00"
282,02/04/2018,2018,Synctag,Technology,Social Media Anlaytics Platform,Coimbatore,Subhkam Ventures and Mohit Khadaria,Seed / Angel Funding,"307,600.00"
285,04/04/2018,2018,Varthana,Fice,Loans and Services To Affordable Private Schools in India,Bengaluru,"ChrysCapital, Existing investors, Elevar Equity, LGT Impact, Omidyar Network and Kaizen Private Equity also participated in the round",Private Equity,"55,000,000.00"
286,05/04/2018,2018,IndigoLearn,Ed-Tech,Online Education Platform,Hyderabad,"Maheshwar Peri, founder and chairman of career information portal Careers360, and Jamshed Jeejeebhoy, director at Byramjee Jeejeebhoy Pvt. Ltd were among the angels",Seed / Angel Funding,"150,000.00"
287,05/04/2018,2018,Vedantu,Ed-Tech,Interactive Online Tutoring Platform,Bangalore,"Accel Partners, Tiger Global And Others",Private Equity,"10,000,000.00"
288,09/04/2018,2018,Kaleidofin,Fiice,Digital Ficial Services Platform,Chennai,Omidyar Network. Blume Ventures and Professor Shlomo Ben-Haim,Seed / Angel Funding,"2,800,000.00"
289,09/04/2018,2018,Pipabella,Consumer Internet,Fashion Accessories Etailer,Mumbai,Fireside Ventures,Seed / Angel Funding,"1,000,000.00"
293,10/04/2018,2018,TravelTriangle,Consumer Internet,Online Travel Marketplace,Gurugram,"Fundamentum, SAIF Partners, Bessemer Venture Partners, RB investments & Others",Private Equity,"12,000,000.00"
294,12/04/2018,2018,Letsmd,Healthcare,Platform To Discover Healthcare Ficing Options,Delhi,"SRI Capital, Waterbridge Ventures and ThinKuvate",Seed / Angel Funding,"1,000,000.00"
295,12/04/2018,2018,AyeFinance,Fice,Online Lending Platform,Gurugram,"BlueOrchard Finance Ltd, Hinduja Leyland Finance and IntelleGrow",Debt Funding,"4,600,000.00"
296,13/04/2018,2018,mintifi,Fice,Online Lending Platform,Mumbai,Lok Capital,Seed / Angel Funding,"2,000,000.00"
297,16/04/2018,2018,icanstay,Consumer Internet,Online Platform For Luxury Hotel Stay For Business Travelers,Delhi,Mr. Manoj Prasad,Seed / Angel Funding,"500,000.00"
299,18/04/2018,2018,Coverfox,Consumer Internet,Online Insurance Aggregator,Mumbai,"International Finance Corporation, Transamerica and others.",Private Equity,"22,000,000.00"
302,19/04/2018,2018,Fyle Technologies,Technology,AI Based Expense Management Platform,Bengaluru,Pravega Ventures and Beenext,Seed / Angel Funding,"1,100,000.00"
303,19/04/2018,2018,True Balance,Technology,Mobile Balance Checking App,Gurugram,"Line Ventures Corporation, Line Corp, Naver, Shinhan Bank and TS Investment",Private Equity,"23,000,000.00"
305,22/04/2018,2018,Doxper,Healthcare,Digitized Health-Tech Solutions For Practitioners,Mumbai,Vidal Healthcare,Seed / Angel Funding,"1,900,000.00"
306,22/04/2018,2018,Nykaa,Consumer Internet,Beauty e-tailer,Mumbai,"Sunil Munjal, Harsh Mariwala, Dalip Pathak and Others",Private Equity,"11,000,000.00"
308,23/04/2018,2018,Capital Float,Fice,Online Lending Platform,Bengaluru,Amazon,Private Equity,"22,000,000.00"
309,25/04/2018,2018,Trip shelf,Consumer Internet,Online Travel Marketplace,Delhi,"GEMS Advisory, Alok Mittal and Sachin Bhatia",Seed / Angel Funding,"246,000.00"
310,26/04/2018,2018,POPxo,Technology,Women Focussed Digital Media Platform,Delhi,"Neoplux, OPPO, IDG Ventures India, Kalaari Capital, GREE Ventures and Summit Media",Private Equity,"5,500,000.00"
312,27/04/2018,2018,1mg,Consumer Internet,Online Pharmacy Store,Gurugram,"Sequoia Capital, Maverick Capital Ltd and HBM Healthcare Investments Ltd",Private Equity,"10,000,000.00"
314,30/04/2018,2018,Samco,Consumer Internet,Online Stock Broker,Mumbai,Bay Capital Investments and Others,Private Equity,"7,500,000.00"
315,30/04/2018,2018,MyLoanCare,Fice,B2C Online Loans Marketplace,Gurgaon,SAR Group,Seed / Angel Funding,"978,000.00"
317,01/03/2018,2018,Buddy4studdy,Consumer Internet,Online Scholarship Portal,Noida,CBA Capital and others,Private Equity,"3,000,000.00"
318,01/03/2018,2018,Urban Ladder,E-Commerce,Online Furniture Store,Bengaluru,"Sequoia Capital, SAIF Partners and Kalaari capital",Private Equity,"12,000,000.00"
319,03/03/2018,2018,Kuvera,Consumer Internet,Online Ficial Planning,Bengaluru,"Baskar Subramanian, Saket Kumar, Gaurav Suri and Ankit Kesarwani",Seed / Angel Funding,"250,000.00"
320,04/03/2018,2018,Gramophone,Technology,Agri-tech,Indore,InfoEdge,Seed/Angel Funding,"1,000,000.00"
321,05/03/2018,2018,Wellthy,Healthcare,Therapeutics,Mumbai,"Ranjan Pai, Apoorva Patni, Beenext Ventures,GrowX Ventures",Private Equity,"2,100,000.00"
322,05/03/2018,2018,MedGenome,Healthcare,"Genetic Screening, DNA Diagnostics Labs & Research Centers",Bengaluru,"HDFC Life, HDFC Asset Management",Private Equity,"10,000,000.00"
323,05/03/2018,2018,Finova Capital,Consumer Internet,Online Lending,Jaipur,Sequoia Capital,Private Equity,"6,000,000.00"
324,05/03/2018,2018,Hotelogix,Technology,Cloud based Online Hotel Management Software,Noida,"Vertex Ventures, Accel Partners and Saama Capital",Private Equity,"5,000,000.00"
325,04/03/2018,2018,Livehealth,Consumer Internet,Health Service Aggregator Platform,Pune,Nexus Venture Partners,Seed / Angel Funding,"1,100,000.00"
326,06/03/2018,2018,Ad2pro,Technology,"Creative Design, Brand, Media and Technology Platform Solutions",Chennai,Avendus Finance Pvt. Ltd,Debt Funding,"9,700,000.00"
327,06/03/2018,2018,Coverfox,Consumer Internet,Online Insurance Aggregator,Mumbai,Aegon NV,Private Equity,"7,600,000.00"
328,08/03/2018,2018,Pepperfry,Consumer Internet,Online Furniture Shopping Store,Mumbai,State Street Global Advisors,Private Equity,"38,400,000.00"
329,08/03/2018,2018,Magicpin,Consumer Internet,Hyperlocal Discovery,Gurugram,Trifecta Capital,Debt Funding,"1,000,000.00"
330,12/03/2018,2018,HealthCare,Consumer Internet,Healthcare Aggregator,Mumbai,HR Fund,Seed / Angel Funding,"1,000,000.00"
331,13/03/2018,2018,PineLabs,Technology,Digital Payment Platform,Mumbai,"Actis, Altimeter Capital",Private Equity,"82,000,000.00"
333,14/03/2018,2018,AvailFinance,Consumer Internet,Online Lending Platform,Bengaluru,"Matrix Partners, Bhavish Aggarwal, Ankit Bhati, Binny Bansal, Kunal Shah and Manish Patel.",Private Equity,"17,200,000.00"
334,15/03/2018,2018,Grofers,Consumer Internet,Online Grocery Shop,Gurugram,"SoftBank, Tiger Global and Apoletto Managers.",Private Equity,"62,000,000.00"
335,19/03/2018,2018,Fingerlix,Consumer Internet,Ready To cook Food Solution,Mumbai,Alteria Capital,Debt Funding,"1,310,000.00"
336,19/03/2018,2018,Karma Healthcare,Healthcare,Technology enabled equitable healthcare for India,Udaipur,"1Crowd, Ankur Capital",Seed / Angel Funding,"500,000.00"
337,19/03/2018,2018,Zappfresh,Food & Beverages,Online Raw Meat E-tailer,Gurugram,"Amit Burman, SIDBI Venture Capital",Seed / Angel Funding,"3,000,000.00"
338,19/03/2018,2018,CustomerSucessBox,Technology,Customer Success Software for B2B SaaS,Gurugram,"Pi Ventures, Axilor Ventures",Seed / Angel Funding,"1,000,000.00"
341,22/03/2018,2018,Chargebee,Technology,Subscription Billing & Recurring Payments Software,Chennai,"Insight Venture Partners, Accel Partners and Tiger Global Management.",Private Equity,"18,000,000.00"
342,22/03/2018,2018,i2i Funding,Consumer Internet,Online loan platform,Noida,SucSEED Venture Partners,Seed / Angel Funding,"768,000.00"
343,22/03/2018,2018,Slang Labs,Technology,Voice-based assistant platform,Bengaluru,Endiya Partners,Seed / Angel Funding,"1,240,000.00"
345,26/03/2018,2018,Cash Suvidha,Consumer Internet,Online loan platform,Delhi,"Initia Holdings,Vipin Agarwal and others.",Seed / Angel Funding,"1,000,000.00"
347,28/03/2018,2018,Smartcoin,Fice,Micro lending company,Bengaluru,"Accion Venture Lab, Unicorn India Ventures and ISME ACE.",Seed / Angel Funding,"2,000,000.00"
348,27/03/2018,2018,The Print,Media,News portal,Delhi,Ratan Tata,Seed / Angel Funding,"535,000.00"
349,27/03/2018,2018,DriveU,Technology,Professional Car Drivers Hiring App,Bengaluru,Amit Singhal and Unitus Seed Fund,Private Equity,"3,000,000.00"
351,01/02/2018,2018,BigBasket,Consumer Internet,Online Grocery & Food Store,Bengaluru,"Alibaba, Helion Venture Partners, Bessemer Venture Partners, Ascent Capital",Private Equity,"300,000,000.00"
352,01/02/2018,2018,Zomato,Food and Beverages,Food Ordering and Restaurant Discovery,Gurugram,Ant Financials,Private Equity,"200,000,000.00"
353,05/02/2018,2018,Pratilipi,Publishing,E-Publishing,Bengaluru,Omidyar Network,Private Equity,"4,300,000.00"
354,05/02/2018,2018,Asia Institute Of Medical Science,Healthcare,Super-specialty Hospital,Faridabad,CDC Group Plc,Private Equity,"21,000,000.00"
355,05/02/2018,2018,CollegeDekho,Consumer Internet,Online platform for Higher Education Services,Gurugram,"Man Capital LLP, Girnar Software, Others",Private Equity,"2,000,000.00"
357,06/02/2018,2018,Healthi,Healthcare,Preventive Health Checkup,Bengaluru,Montane Ventures,Private Equity,"3,100,000.00"
358,07/02/2018,2018,Swiggy,Food and Beverages,Online Food Delivery,Bengaluru,Naspers,Private Equity,"100,000,000.00"
359,08/02/2018,2018,Shape,Healthcare,"Online Portal for Diet,fitness and Beauty",Pune,Sandeep Mathur,Seed / Angle Funding,"100,000,000.00"
360,08/02/2018,2018,Icertis,Consumer Internet,Enterprise Contract Management Platform,Pune,Meritech Capital Partners,Private Equity,"50,000,000.00"
361,09/02/2018,2018,healthifyme,Healthcare,Mobile Weight Loss Coach,Bengaluru,Sistema Asia Fund,Private Equity,"12,000,000.00"
363,09/02/2018,2018,Rupeek,Consumer Internet,Online Gold Loan,Bengaluru,"Accel Partners, Sequoia Capital",Private Equity,"6,830,000.00"
365,12/02/2018,2018,Lendingkart,Fice,Online Lending Platform,Bengaluru,Fullerton Financial Holdings Pte Ltd & Others,Private Equity,"87,000,000.00"
367,12/02/2018,2018,Cashify,E-Commerce,Online Selling,Gurugram,Trifecta Capital,Debt Funding,"935,089.00"
368,13/02/2018,2018,holachef,Food and Beverages,Online Food Delivery,Mumbai,Ashok Kumar Gajera,Seed / Angle Funding,"311,200.00"
370,13/02/2018,2018,IMAX Program,Ed-Tech,Individualised Progressive Learning Program,Bengaluru,"Michael & Susan Dell Foundation, LGT Impact Ventures",Private Equity,"13,500,000.00"
371,14/02/2018,2018,Littlemore,Ed-Tech,Online Education Platform,Chennai,Kalpavriksh,Private Equity,"3,000,000.00"
372,14/02/2018,2018,Toppr,Ed-Tech,Online Education Platform,Mumbai,Axis Capital Partners,Private Equity,"100,000.00"
373,14/02/2018,2018,Shirsa Labs,Ed-Tech,Integrated Kids Engagement Company,Mumbai,"Dewang Neralla, Mahesh Kothurkar,Atul Agarwal",Private Equity,"500,000.00"
374,14/02/2018,2018,MoneyOnMobile,Technology,mobile payment platform,Mumbai,S7 Group,Private Equity,"5,000,000.00"
375,15/02/2018,2018,PetSutra,Consumer Internet,Online Pet Care Products,Gurugram,Michael Patrick Hickey,Seed / Angel Funding,"148,434.00"
376,15/02/2018,2018,Infibeam,E-Commerce,Online Retailing,Ahemadabad,Network 18,Private Equity,"6,230,000.00"
377,16/02/2018,2018,happay,Fice,Expense Management,Bengaluru,Sequoia and Jerry Yang,Seed / Angel Funding,"250,000.00"
378,16/02/2018,2018,Fincash,Fice,Fin-Tech,Mumbai,"Mohammed Khan, Sameer Narayan & Others",Seed / Angel Funding,"150,000.00"
379,19/02/2018,2018,AyeFinance,Fice,Online Lending,Gurugram,"Hinduja Leyland Finance, IntelleGrow",Private Equity,"3,800,000.00"
380,20/02/2018,2018,Agricxlab,Agriculture,Agri-tech,Mumbai,Ankur Capital,Seed / Angel Funding,"500,000.00"
381,21/02/2018,2018,Udaan,E-Commerce,B2B Marketplace,Bengaluru,Lightspeed & Yuri Milner,Private Equity,"50,000,000.00"
382,21/02/2018,2018,Capillary,IT,SaaS,Bengaluru,"Wargburg Pincus, Sequoia",Private Equity,"20,000,000.00"
383,21/02/2018,2018,The Healthy Billions,Healthcare,Analytics,Gurugram,"Blume Ventures, HealthQuad and Fireside Ventures",Private Equity,"2,100,000.00"
385,26/02/2018,2018,Avishkaar Box,Ed-Tech,Education,Delhi,Auxano Deals,Private Equity,"772,500.00"
386,26/02/2018,2018,Planys Technologies,Technology,Robotic InspectionStartup,Chennai,"Kris Gopalakrishnan, Pratithi Investment Trust, MEMG Family Office, S Gopal",Private Equity,"1,040,000.00"
388,27/02/2018,2018,Trilyo,Technology,AI platform for hospitality industry,Mumbai,"Startup Buddy,Amit Manocha and others",Seed / Angel Funding,"250,000.00"
389,28/02/2018,2018,Gaana,Technology,Online Music Streaming,Gurugram,"Tencent Holdings Ltd, Times Internet",Private Equity,"115,000,000.00"
390,28/02/2018,2018,Credy,IT,SaaS,Bengaluru,"Y Combinator, Khosla Ventures, Vy Capital and others",Seed / Angel Funding,"1,400,000.00"
393,04/01/2018,2018,EarlySalary,Fice,Online Lending,Pune,Eight Roads Ventures India,Private,"15,700,000.00"
396,09/01/2018,2018,Lendingkart,Fice,Online Lending,Ahmedabad,Nederlandse Financierings-Maatschappij voor Ontwikkelingslanden N.V.,Debt Funding,"4,700,000.00"
398,10/01/2018,2018,Tapzo,Technology,Personal Assistant,Bengaluru,RuNet & Other,Private Equity,"1,930,000.00"
399,10/01/2018,2018,Appario Retail Pvt Ltd.,E-commerce,Retail,Delhi,Amazon-Patni JV,Private Equity,"18,840,000.00"
400,10/01/2018,2018,Samunnati,Fice,Agricultural Loan,Chennai,"responsAbility, Elevar Equity and Accel Partners",Private Equity,"23,500,000.00"
401,10/01/2018,2018,Sahajanand Medical Technologies,Technology,Medical Devices,Surat,Morgan Stanley Private Equity Asia,Private Equity,"36,230,000.00"
402,12/01/2018,2018,Kuants,Technology,Algorithmic Trading,Gurgaon,"Pankaj Chopra, Ankush Gupta",Angel / Seed Funding,"80,000.00"
403,12/01/2018,2018,Razorpay,Technology,Payment Gateway,Bengaluru,"Tiger Global, Y Combinator",Private Equity,"20,000,000.00"
404,15/01/2018,2018,Streak,Technology,Algorithmic Trading,Bengaluru,"Indian fintech fund, Rainmatter",Angel / Seed Funding,"354,600.00"
405,15/01/2018,2018,pi Ventures,Fice,Venture Capital,Bengaluru,"Sunil Kant Munjal, Hero Electronix\\xe2\\x80\\x99s corporate financing arm, Electronic Development Fund",Private Equity,"25,000,000.00"
406,15/01/2018,2018,Newgen Software,Technology,IT,New Delhi,"Goldman Sachs, hedge fund & Others",Private Equity,"20,000,000.00"
407,17/01/2018,2018,Rubix,Technology,Education,Pune,Polaris Fund,Private Equity,"1,000,000.00"
408,18/01/2018,2018,ShareChat,Technology,Social,Bengaluru,"Xiaomi Singapore, Shunwei Capital",Private Equity,"18,200,000.00"
409,22/01/2018,2018,Paperflite,Technology,IT,Chennai,The Chennai Angels,Angel / Seed Funding,"400,000.00"
410,22/01/2018,2018,HungerBox,Consumer Internet,Food and Beverages,Bangalore,Lionrock Capital,Private Equity,"2,500,000.00"
412,22/01/2018,2018,OptaCredit,Fice,Alternative Lending,Chennai,DMI Finance,Private Equity,"4,000,000.00"
413,22/01/2018,2018,AEON Learning,Technology,Education,Bengaluru,Dr. Ranjan Pai,Private Equity,"3,200,000.00"
414,23/01/2018,2018,Milkbasket,E-commerce,Online Grocery,Gurugram,Unilever Ventures,Private Equity,"3,000,000.00"
415,24/01/2018,2018,NeoGrowth Credit,Fice,Digital Lending,Mumbai,"LeapFrog Investments, Aspada Investment, Quona Capital",Private Equity,"47,000,000.00"
416,24/01/2018,2018,Rao IIT Academy,Education,Coaching Services,Mumbai,Avendus Finance,Structured Debt,"8,600,000.00"
417,24/01/2018,2018,Aye Finance,Fice,Online Lending,Gurugram,IFMR Capital,Term Loan,"6,240,000.00"
419,25/01/2018,2018,GreyAtom,Technology,Education,Mumbai,Pravega Ventures,Private Equity,"1,000,000.00"
420,26/01/2018,2018,Axio,Healthcare,Hemostatic Dressing Solutions,Bengaluru,RNT Capital,Private Equity,"7,400,000.00"
421,29/01/2018,2018,eKincare,Healthcare,Technology,Hyderabad,"Ventureast, Endiya Partners, Eight Roads Ventures, Touchstone Equities, BVR Mohan Reddy",Private Equity,"1,500,000.00"
422,29/01/2018,2018,The Wedding Brigade,Consumer internet,Online Services,Mumbai,Blume Ventures,Private Equity,"1,000,000.00"
423,30/01/2018,2018,PeeSafe,Healthcare,Hygiene,Gurugram,"Shivani Singh, Rahul Maroli, Mitesh Shah, Venture Catalysts, Alfa Capital, Green Shots Capital, Real Time Ventures.",Private Equity,"1,000,000.00"
424,30/01/2018,2018,BrowserStack,Technology,Browser Testing,Mumbai,Accel Partners,Private Equity,"50,000,000.00"
425,30/01/2018,2018,Scapic,Technology,Virtual Reality,Bengaluru,"Axilor Ventures, Newfort Capital",Angel / Seed Funding,"500,000.00"
426,30/01/2018,2018,MoneyOnMobile,Technology,Mobile Payment Platform,Mumbai,Undisclosed Investors,Private Equity,"7,600,000.00"
427,30/01/2018,2018,CureFit,Healthcare,Fitness,Bengaluru,"HDFC Bank, Axis Bank",Debt Funding,"10,000,000.00"
428,31/01/2018,2018,iNurture,Technology,Education Solutions,Bengaluru,Ventureast,Private Equity,"4,400,000.00"
430,05/12/2017,2017,Dunzo,Technology,Daily Task Management Mobile App,Bangalore,Google,Private Equity,"12,300,000.00"
431,05/12/2017,2017,Tata Housing,Real Estate,Residential Project,Mumbai,Hines,Private Equity,"23,000,000.00"
432,05/12/2017,2017,HandyTrain,Technology,Mobile Learning Management Platform,Goa,NB Ventures,Private Equity,"1,000,000.00"
433,05/12/2017,2017,Mobycy,Technology,Bicycle sharing Platform,Gurgaon,Undisclosed Investors,Seed/Angel Funding,"500,000.00"
434,06/12/2017,2017,Greenlight Planet,Technology,Off-grid solar products platform,Mumbai,"Apis Partner, Eight Roads Ventures, Bamboo Capital Partners",Private Equity,"60,000,000.00"
435,06/12/2017,2017,Fintobox,Technology,Child Learning & Development Platform,Chennai,Lightbox,Private Equity,"7,000,000.00"
436,07/12/2017,2017,Mswipe,Technology,Mobile point of sale services provider,Mumbai,Eduardo Saverin,Private Equity,"10,000,000.00"
437,07/12/2017,2017,The Label Life,E-Commerce,Home Decor and Online Fashion Portal,Mumbai,Kalpvriksh,Private Equity,"3,100,000.00"
438,07/12/2017,2017,Cygnus Hospitals,Healthcare,Super speciality Hospitals,Gurgaon,Somerset Indus Capital Ventures,Seed/Angel Funding,"750,000.00"
439,07/12/2017,2017,eShakti,Ecommerce,"""Women\\'s Fashion Clothing Online Platform""",Chennai,IDG Ventures,Debt Funding,"2,300,000.00"
440,08/12/2017,2017,Inshorts,Technology,Mobile News Curation App,Noida,Tiger Global,Private Equity,"5,000,000.00"
441,11/12/2017,2017,Vahdam Tea,E-Commerce,Online Platform Selling Indian Tea Globally,Delhi,"Singapore Angel Network, Mumbai Angel",Private Equity,"1,500,000.00"
442,11/12/2017,2017,Logic Roots,Technology,Educational Platform to Learn Mathematics,Mumbai,Village Capital,Seed/Angel Funding,"50,000.00"
443,11/12/2017,2017,Project Mudra,Technology,Assisting Visually Impaired to learn through Braille,Bengaluru,Village Capital,Seed/Angel Funding,"50,000.00"
444,11/12/2017,2017,Furlenco,Technology,Furniture Rental Platform,Bengaluru,Aamir Khan,Debt Funding,"1,200,000.00"
445,12/12/2017,2017,I Can Stay,Technology,Hotel Aggregator Platform,Delhi,HT Media,Private Equity,"1,800,000.00"
447,12/12/2017,2017,Simility,Technology,Adaptive Fraud Intelligence Platform,Hyderabad,Accel Partners,Private Equity,"17,500,000.00"
448,12/12/2017,2017,Shopholix,E-Commerce,Fashion and Lifestyle Coupon Platform,Gurgaon,Munesh Khanna,Seed/Angel Funding,"233,000.00"
449,13/12/2017,2017,MindTickle,Technology,Gamification Platform to train Sales People,Pune,Canaan Partners,Private Equity,"27,000,000.00"
450,13/12/2017,2017,Nazara Technologies,Technology,Mobile Games Development Firm,Mumbai,Rakesh Jhunjhunwala,Private Equity,"27,000,000.00"
451,13/12/2017,2017,DocsApp,Technology,Mobile Application for Doctor Consultation,Bengaluru,Bessemer Venture Partners,Private Equity,"7,200,000.00"
453,14/12/2017,2017,Tea Box,E-Commerce,Fresh Indian Tea Selling Platform across 112 countries,Bengaluru,RB Investments,Private Equity,"7,000,000.00"
454,14/12/2017,2017,Transversal Technologies,Technology,Hyperlocal Video Information Sharing Platform,Bengaluru,Matrix Partners,Private Equity,"6,000,000.00"
455,14/12/2017,2017,Curofy,Technology,Mobile App for Network of Doctors,Gurgaon,RoundGlass Partners LLC,Seed/Angel Funding,"250,000.00"
456,14/12/2017,2017,HomeLane,E-Commerce,Online Furniture Marketplace,Bengaluru,"Accel Partners, Sequoia Capital, RB Investments",Private Equity,"10,000,000.00"
458,15/12/2017,2017,Purplle,E-Commerce,Beauty Products Online Marketplace,Mumbai,"Mountain Pain Capital, Suncoast Investments",Seed/Angel Funding,"537,000.00"
461,19/12/2017,2017,Springboard,Technology,Online Courses and Mentoring from Experts,Bengaluru,"Costanoa, Learn Capital, Jyoti Bansal",Private Equity,"9,500,000.00"
463,19/12/2017,2017,9Stacks,Technology,Online Poker Platform,Delhi,"Swati Gupta, Purnima Khandelwal, Maheshwar Peri, Sanjay Singh",Private Equity,"1,500,000.00"
464,20/12/2017,2017,Your Quote,Technology,Vernacular and Video Content Platform,Bengaluru,"Axilor Ventures, E-City VEntures Atul Goel",Private Equity,"1,000,000.00"
465,20/12/2017,2017,Spandana Sphoorty,Fice,Micro fice institution providing small ticket unsecured loans to women,Hyderabad,"""Kedaraa Capital, Ontario Teachers\\'""",Private Equity,"19,500,000.00"
466,21/12/2017,2017,Indus OS,Technology,Regional Operating System for Smartphones,Mumbai,Omidyar Network,Private Equity,"4,000,000.00"
467,21/12/2017,2017,EasyEcom,E-Commerce,Ecommerce enabler platform,Bengaluru,"Ambarish Gupta, Aneesh Reddy, Bold Ventures, Vona Investments",Seed/Angel Funding,"150,000.00"
469,26/12/2017,2017,Specsmakers,E-Commerce,Online Spects Platform for Men and Women,Chennai,Eight Roads Ventures India,Private Equity,"10,000,000.00"
471,27/12/2017,2017,Foyr.com,Technology,Realty Tech Startup solving real life Interior Designing problems,Hyderabad,Jones Lang LaSalle,Private Equity,"3,800,000.00"
472,02/11/2017,2017,Prest Loans,Fice,Business & SME Loans provider,New Delhi,"Manish Poddar, Arun Garg, Parmeshwar Sharma",Seed Funding,"570,000.00"
475,03/11/2017,2017,Vagupu,Technology,Online Tutorial Marketplace,Bangalore,Undisclosed Investors,Seed Funding,"1,000,000.00"
477,03/11/2017,2017,Kalpnik Technologies,Technology,VR based Spiritual platform,Bangalore,Venture Catalysts,Seed Funding,"500,000.00"
478,04/11/2017,2017,Hevo Data,Technology,Real time data analytics & reporting,Bangalore,IDG Ventures India,Private Equity,"1,000,000.00"
482,07/11/2017,2017,DocTalk,Technology,Doctor Patient Communication platform,Mumbai,"Matrix Partners India, Khosla Ventures",Private Equity,"5,000,000.00"
483,07/11/2017,2017,CoveIoT,Technology,Wearable tech and Internet of Things platform,Bangalore,"Titan Co Ltd, Tata Group\\xe2\\x80\\x99s watch and jewellery retailing firm",Private Equity,"5,000,000.00"
484,08/11/2017,2017,TalentEdge,Technology,Distance Education Learning Platform,Bangalore,Lumis Partners,Private Equity,"7,600,000.00"
485,08/11/2017,2017,Fisdom,Fice,Mutual Fund Investment App,Bangalore,Quona Capital Management,Private Equity,"3,000,000.00"
486,08/11/2017,2017,FarmLink,eCommerce,Online platform for Agricultural products,Mumbai,"Pioneering Ventures, Syngenta AG",Private Equity,"3,000,000.00"
487,08/11/2017,2017,OpenApp,Technology,IoT based Tech Startup,Bangalore,"Axilor Ventures, Kumar Vembu",Private Equity,"3,600,000.00"
488,09/11/2017,2017,NoPaperForms,Technology,Enrolment Management Platform,Delhi,Info Edge,Seed Funding,"872,000.00"
491,10/11/2017,2017,Qubole,Technology,Big Data based analytics platform,Bangalore,"Singtel, Innov8, Harmony Partners",Private Equity,"25,000,000.00"
493,13/11/2017,2017,Universal Sportsbiz Pvt. Ltd,ECommerce,Celebrity fashion accessories and merchandise,Mumbai,Accel Partners,PrivateEquity,"15,000,000.00"
495,14/11/2017,2017,Active AI,Technology,AI based FinTech platform,Bangalore,Vertex Ventures,Private Equity,"8,250,000.00"
496,15/11/2017,2017,Sumeru,Technology,Banking Software License Platform,Bangalore,Undisclosed Investors,Seed Funding,"900,000.00"
498,15/11/2017,2017,Omnia Information,Technology,WiFi Analytics Platform,Delhi,Omidyar Network,Private Equity,"3,000,000.00"
501,17/11/2017,2017,Kanhaiya,Inspiration,Storytelling platform,Hyderabad,Undisclosed Investors,Seed/Angel Funding,"200,000.00"
503,20/11/2017,2017,ONN Bikes,Technology,Self riding bike rental program,Mumbai,Z Nation Lab,Seed/Angel Funding,"692,000.00"
504,21/11/2017,2017,Rapido,Technology,Bike and Taxi pooling online platform,Hyderabad,"Skycatcher Fund, Aravind Sanka",Seed/Angel Funding,"329,230.00"
505,21/11/2017,2017,Heckyl,Technology,Big Data Analytics Platform,Mumbai,"Notion Capital, IDG Ventures",Private Equity,"2,700,000.00"
506,21/11/2017,2017,Nuvepro,Technology,Managed Cloud Environment Solutions,Mumbai,1Crowd,Seed/Angel Funding,"400,000.00"
507,21/11/2017,2017,RedBook,Technology,AI based pharmacy drugs insights platform,Mumbai,"Vida Ventures, Dr. Aniruddha Malpani",Seed/Angel Funding,"250,000.00"
508,21/11/2017,2017,Portea,Healthcare,Healthcare facilities at doorstep,Bangalore,"Sabre Partners, MEMG CDC",Private Equity,"26,000,000.00"
510,21/11/2017,2017,Epiq Capital,Fice,Tech based investor firm,Mumbai,Global Institutional Investors,Private Equity,"200,000,000.00"
513,24/11/2017,2017,IDG Ventures,Fice,Venture Capitalist,Bangalore,Uniliver Ventures,Private Equity,"10,000,000.00"
514,24/11/2017,2017,TempGo,Technology,IoT and SaaS based transportation platform,Goa,Javelin StartupO Victory Fund,Seed/Angel Funding,"250,000.00"
515,27/11/2017,2017,Edelweiss,Fice,Diversified Ficial,Mumbai,Undisclosed investors,Private Equity,"270,000,000.00"
516,27/11/2017,2017,ERA,Technology,Identity management platform,Mumbai,Amit Patni,Seed/Angel Funding,"39,000.00"
517,27/11/2017,2017,Smaaash,Technology,Virtual Reality based gaming platform,Mumbai,Sixth Sense Ventures,Private Equity,"3,800,000.00"
518,28/11/2017,2017,Chumbak,Lifestyle,Designer-led consumer products,Bangalore,Gaja Capital,Private Equity,"13,000,000.00"
519,28/11/2017,2017,FR8,Technology,Online Truck aggregator platform,Chennai,IFMR Capital,Debt Funding,"1,500,000.00"
520,28/11/2017,2017,MobieFit,Healthcare,Health and fitness based mobile App,Goa,"NB Ventures, MediAssist",Seed/Angel Funding,"1,350,000.00"
521,28/11/2017,2017,Stanza Living,Technology,Student accommodation platform,Delhi,"Matrix PArtners, Accel",Private Equity,"2,000,000.00"
524,03/10/2017,2017,Ola Cabs,Consumer Internet,App based cab hailing services,Bangalore,"Tencent, Softbank Group",Private Equity,"110,000,000.00"
526,04/10/2017,2017,CollPoll,Consumer Internet,Education collaboration platform,Bangalore,Sprout Angels,Seed Funding,"306,000.00"
527,04/10/2017,2017,PhonePe,Consumer Internet,Digital Wallet,Bangalore,Flipkart,Private Equity,"38,700,000.00"
528,05/10/2017,2017,Little Black Book,Consumer Internet,Local Recommendations and Discoveries Platform,New Delhi,"Blume Ventures, IDG Ventures & Indian Angel Network",Private Equity,"1,000,000.00"
529,05/10/2017,2017,Oorjan,Technology,rooftop solar platform,Mumbai,Globevestor,Seed Funding,"450,000.00"
530,05/10/2017,2017,Zefo,ECommerce,Ecommerce Portal for Used Goods,Bangalore,"Sequoia India, Helion Venture Partners, Beenext",Private Equity,"9,200,000.00"
531,06/10/2017,2017,Yaantra,ECommerce,Mobile repair and Refurbishment platform,New Delhi,Carpediem Capital,Private Equity,"3,100,000.00"
532,06/10/2017,2017,Farm Taaza,Technology,Fresh Produce SCM company,Bangalore,"Epsilon Venture Partners, Tara India Fund IV and others",Private Equity,"8,000,000.00"
533,06/10/2017,2017,Drivezy,Consumer Internet,Self Drive car and bike rental platform,Bangalore,"Das Capital, Axan Partners, Das Capital and IT Farm",Private Equity,"10,000,000.00"
534,06/10/2017,2017,Slice Pay,Consumer Internet,Student Micro-ficing platform,Bangalore,"Das Capital, Simile Ventures",Private Equity,"2,000,000.00"
536,09/10/2017,2017,MyGubbi,eCommerce,Home Interior Designing Seller,Bangalore,"Firoze Irani, Vipul Parekh, Ananda Kallugadde, Rajesh K Murthy",Private Equity,"2,700,000.00"
539,09/10/2017,2017,OneStepUp,Technology,Education Technology platform,New Delhi,Orient BlackSwan,Seed Funding,"336,000.00"
541,10/10/2017,2017,Parallel Dots,Technology,AI-powered deep learning solutions,Gurgaon,"Multipoint Capital,",Private Equity,"1,400,000.00"
542,10/10/2017,2017,Easy Diner,Consumer Internet,online restaurant reservation platform,Gurgaon,Saama Capital and DSG Consumer Partners,Private Equity,"4,500,000.00"
543,11/10/2017,2017,Meesho,ECommerce,Online Reseller Network,Bangalore,"SAIF Partners, YCombinator, Venture Highway",Private Equity,"3,100,000.00"
544,11/10/2017,2017,StanPlus,Logistics,Medical Transportation Services,Hyderabad,KStart Capital,Private Equity,"1,100,000.00"
545,12/10/2017,2017,UCLID,Technology,"Education Network for Institutions, teachers & Students",Hyderabad,Undisclosed investors,Seed Funding,"235,000.00"
546,13/10/2017,2017,Policy Bazaar,Consumer Internet,Online insurance policy aggregator,Gurgaon,"Wellington Management, DG Ventures India, True North",Private Equity,"77,000,000.00"
547,13/10/2017,2017,Gapoon,Consumer Internet,home maintece services platform,Bangalore,"Vida Ventures, Snehal Mantri, Anshu Bahadur",Seed Funding,"250,000.00"
548,13/10/2017,2017,Chaayos,eCommerce,Online Chai ordering platform,Gurgaon,Tiger Global Management,Private Equity,"2,000,000.00"
549,16/10/2017,2017,KrazyBee,Consumer Internet,Micro-lending platform,Bangalore,"Xiaomi Technologies, Shunwei Capital",Private Equity,"8,000,000.00"
550,16/10/2017,2017,Renew Buy,Consumer Internet,Online Insurance Aggregator,New Delhi,Amicus Capital,Private Equity,"9,200,000.00"
551,17/10/2017,2017,Fingerlix,Consumer Internet,Food Ordering Portal,Bangalore,"Accel Partners, Zephyr Peacock",Private Equity,"7,000,000.00"
552,18/10/2017,2017,Bank Bazaar,Consumer Internet,Online Ficial Marketplace,Chennai,Experian,Private Equity,"7,000,000.00"
554,18/10/2017,2017,BlackBuck,Logistics,B2B Logistics provider,Bangalore,Innoven Capital,Private Equity,"7,700,000.00"
555,18/10/2017,2017,LenDen Club,Consumer Internet,Online peer-to-peer lending platform,Mumbai,Undisclosed Investor,Seed Funding,"500,000.00"
556,23/10/2017,2017,Toppr,Consumer Internet,Mobile based learning app,Mumbai,"SAIF Partners, Helion Ventures, FIL Capital Management",Private Equity,"7,000,000.00"
557,23/10/2017,2017,RAW Pressery,Food & Beverage,Cold pressed Juice maker,Mumbai,"DSG Consumer Partners, Sequoia Capital, Saama Capital",Private Equity,"6,000,000.00"
558,23/10/2017,2017,Cashe,Consumer Internet,app-only lending platform,Mumbai,IFMR Capital,Debt Funding,"3,100,000.00"
559,23/10/2017,2017,Park Easy,Consumer Internet,Machine learning based parking discovery,Kolkata,Rockstart Accelerator,Seed Funding,"118,000.00"
561,24/10/2017,2017,FYRE,Food & Beverage,Herbal energy shot maker,Mumbai,Venture Catalysts,Seed Funding,"500,000.00"
562,24/10/2017,2017,ZipLoan,Consumer Internet,SME lending platform,New Delhi,"Matrix Partners India, WaterBridge Ventures, Whiteboard Capital, Sarbvir Singh",Private Equity,"3,000,000.00"
563,24/10/2017,2017,Skillenza,Consumer Internet,Online Learning Platform,Bangalore,"Blume Ventures, Indian Angel Network",Seed Funding,"722,000.00"
566,25/10/2017,2017,SpotDraft,Consumer Internet,Contract Automation,Gurgaon,"Hunch Ventures, Spiral Ventures, 500 Startups, Singapore Angel Network, Citrus Payments",Seed Funding,"550,000.00"
567,26/10/2017,2017,Big Basket,eCommerce,Online Grocery portal,Bangalore,Helion Ventures Partners,Private Equity,"5,000,000.00"
568,27/10/2017,2017,OfBusiness,Technology,B2B Fice & Fulfilment Network,Gurgaon,Kotak Mahindra Bank,Debt Funding,"3,800,000.00"
570,28/10/2017,2017,CashFree,Technology,Payments Platform for Marketplaces and Fintechs,New Delhi,Y Combinator,Seed Funding,"120,000.00"
571,28/10/2017,2017,Ola Cabs,Consumer Internet,App based cab hailing services,Bangalore,ANI Technologies Pvt. Ltd,Private Equity,"7,700,000.00"
572,30/10/2017,2017,GoldFarm,Food & Beverage,Agriculture Technology,Coimbatore,Mahindra & Mahindra and Infuse Ventures,Private Equity,"2,000,000.00"
573,31/10/2017,2017,NetMeds,ECommerce,Online Pharmacy,Chennai,TannCam Investment & Sistema Asia Fund,Private Equity,"14,000,000.00"
574,31/10/2017,2017,MSE,Fice,Equity Stock Exchange,Mumbai,"IL&FS, Trust Capital, Rosy Blue Securities, Radhakrishan Damani and Rakesh Jhunjhunwala",Private Equity,"32,000,000.00"
575,01/09/2017,2017,Aahaa Stores,eCommece,Online B2B store for office supplies,Chennai,YourNest Angel Fund,Private Equity,"1,000,000.00"
576,01/09/2017,2017,MFine,Consumer Internet,Online Doctor Discovery platform,Bangalore,"Stellaris Venture Partners, Mayur Abhaya, Rohit MA",Private Equity,"1,500,000.00"
577,01/09/2017,2017,Canvera,Consumer Internet,Online Photography platform,Mumbai,InfoEdge,Private Equity,"1,300,000.00"
578,04/09/2017,2017,PrimaryIO,Technology,Application Performance Acceleration,Pune,"Accel Partners, Exfinity Ventures, Partech Ventures",Private Equity,"5,600,000.00"
579,05/09/2017,2017,Shubh Loans,Consumer Internet,online lending platform,Bangalore,"SRI Capital, BeeNext, Pravega Ventures",Private Equity,"1,500,000.00"
580,05/09/2017,2017,Nest Education,Technology,EduTech Platform,Gurgaon,"Michael and Susan Dell Foundation, Anand Mahindra",Seed Funding,"600,000.00"
581,06/09/2017,2017,Lending Kart,Consumer Internet,Online Lending Platform,Ahmedabad,"Bertelsmann India, Mayfield Capital, Saama Capital, Darrin Capital",Private Equity,"10,750,000.00"
582,06/09/2017,2017,GoFro,Consumer Internet,Online travel booking platform,New Delhi,"HIS Co. Ltd, MakeMyTrip",Private Equity,"10,000,000.00"
583,06/09/2017,2017,OncoStem,Healthcare,Medical Diagnostic Solutions,Bangalore,"Sequoia Capital India, Artiman Ventures",Private Equity,"6,000,000.00"
584,06/09/2017,2017,Power2SME,eCommerce,Buying Club for Small Businesses,Gurgaon,"International Finance Corporation (IFC), Inventus Capital Partners, Accel Partners, Kalaari Capital, and Nandan Nilekani,",Private Equity,"26,000,000.00"
585,07/09/2017,2017,Credit Vidya,Consumer Internet,Online Credit scoring platform,Mumbai,Matrix Partners,Private Equity,"5,000,000.00"
587,07/09/2017,2017,OYO Rooms,Consumer Internet,Branded budget hotels marketplace,Gurgaon,"SoftBank Group, Sequoia Capital India, Lightspeed Venture Partners, Greenoaks Capital, Hero Enterprise",Private Equity,"250,000,000.00"
588,07/09/2017,2017,Early Salary,Consumer Internet,Online Unsecured Lending platform,Pune,IFMR Capital,Debt Funding,"780,000.00"
590,07/09/2017,2017,Seniority,eCommerce,Ecommerce portal for senior citizens,Pune,RPG Enterprises,Private Equity,"1,000,000.00"
591,08/09/2017,2017,AYE Finance,Consumer Internet,Micro Lending Platform,New Delhi,"Triodos Investment Management,",Debt Funding,"6,900,000.00"
593,11/09/2017,2017,Ecom Express,Logistics,Logistics Solutions provider,New Delhi,Warburg Pincus,Private Equity,"30,000,000.00"
594,11/09/2017,2017,Call Health,Consumer Internet,Healthcare Services Aggregator,Hyderabad,"Sachin Tendulkar, P.V SIndhu, Pullela Gopichand",Private Equity,"6,200,000.00"
596,12/09/2017,2017,3HCare,Consumer Internet,Healthcare services portal,New Delhi,Undisclosed Investor,Seed Funding,"100,000.00"
597,12/09/2017,2017,Tonbo Imaging,Technology,Imaging Technology for Armed Forces,Bangalore,"WRV Capital, Qualcomm Ventures, Edelweiss Private Equity, Artiman Ventures",Private Equity,"17,000,000.00"
598,12/09/2017,2017,Get My Parking,Consumer Internet,Smart Parking Enabler,New Delhi,"IAN Fund, Beenext, Indian Angel Network",Private Equity,"3,000,000.00"
600,13/09/2017,2017,Glowroad,Consumer Internet,women focussed customer-to-customer reseller network,Bangalore,"Accel Partners,",Private Equity,"2,000,000.00"
601,13/09/2017,2017,OYO Rooms,Consumer Internet,udget hotel marketplace,Gurgaon,China Lodging Group,Private Equity,"10,000,000.00"
602,13/09/2017,2017,Unacademy,Consumer Internet,Online learning platform,Mumbai,"Sequoia Capital India, SAIF Partners, Nexus Venture Partners and Blume Ventures,",Private Equity,"11,500,000.00"
603,13/09/2017,2017,Heterogenous,Technology,Telecom & IoT platform,Chennai,"Chennai Angels, Keiretsu Forum & Others",Seed Funding,"780,000.00"
605,14/09/2017,2017,Smaaash,Technology,Virtual Reality gaming and entertainment platform,Mumbai,ECL Finance,Private Equity,"44,000,000.00"
606,14/09/2017,2017,WheelStreet,Consumer Portal,Bike Rental Platform,Bangalore,Y Combinator,Seed Funding,"120,000.00"
608,18/09/2017,2017,The Moms Co,eCommerce,Pregcy & Baby Care product etailer,Gurgaon,"DSG Consumer Partners, Saama Capital",Private Equity,"1,000,000.00"
610,19/09/2017,2017,High Radius,Technology,Integrated receivables software solutions,Hyderabad,Susquehanna Growth Equity LLC,Private Equity,"50,000,000.00"
612,21/09/2017,2017,SaveBC,Fice,ficial services firm,Gaya,Incofin Investment Management.,Private Equity,"6,000,000.00"
615,21/09/2017,2017,Homergize,eCommerce,Home Furnishing & Building material marketplace,Bangalore,LG Chandrasekhar,Private Equity,"1,000,000.00"
616,22/09/2017,2017,Yatra.com,eCommerce,Online Travel Agency,Gurgaon,InnoVen Capital India,Debt Funding,"15,400,000.00"
619,25/09/2017,2017,Synup,Technology,SME Marketing Management Solution,Bangalore,"Vertex Ventures, Prime Venture Partners.",Private Equity,"6,000,000.00"
622,25/09/2017,2017,Rapido,Consumer Internet,Bike Aggregator Mobile App,Bangalore,Battery Road Digital Holdings LLC,Seed Funding,"422,000.00"
623,25/09/2017,2017,Sportobuddy,Consumer Internet,Sports & Sport related equipment portal,Mumbai,Mehul Shah,Seed Funding,"150,000.00"
627,27/09/2017,2017,Transerve,Technology,Geospatial Technology-based SaaS solutions,Mumbai,"IL&FS Investment Managers, Omidyar Network.",Private Equity,"1,600,000.00"
629,27/09/2017,2017,Pitstop,Consumer Internet,Car repair and Servicing Platform,Bangalore,"Blume Ventures, Goldbell Group, Anurag Srivastava, Shailesh Rao, Amiya Pathak, Rajesh Yohanan and Rahul Garg",Private Equity,"1,000,000.00"
631,27/09/2017,2017,MyUpchar,Consumer Internet,Local Language Health Information portal,New Delhi,LetsVenture,Seed Funding,"300,000.00"
632,28/09/2017,2017,Aadyah,Technology,Defense Tech & Aerospace startup,Bangalore,Keiretsu Forum,Private Equity,"1,000,000.00"
633,01/08/2017,2017,TouchKin,Technology,Predictive Care Platform,Bangalore,Kae Capital,Private Equity,"1,300,000.00"
636,02/08/2017,2017,Zepo,Consumer Internet,DIY Ecommerce platform,Mumbai,"Kunal Shah, LetsVenture, Anupam Mittal, Hetal Sonpal",Seed Funding,"500,000.00"
637,02/08/2017,2017,Click2Clinic,Consumer Internet,healthcare service aggregator,Hyderabad,"Narottam Thudi, Shireesh Palle",Seed Funding,"850,000.00"
638,03/08/2017,2017,SpeedBox,Logistics,On-Demand Logistics Service provider,Mumbai,Cismat Cargo Services Pvt. Ltd.,Seed Funding,"300,000.00"
646,08/08/2017,2017,New Castle Technologies,Technology,Hospital Management Software,Chennai,Undisclosed investors,Seed Funding,"243,000.00"
647,08/08/2017,2017,My Forex Eye,Consumer Internet,foreign exchange services,New Delhi,"Rahul Dev Kumar, Rajesh Mahajan, Ankit Sharma and others",Seed Funding,"220,000.00"
648,09/08/2017,2017,TruxApp,Logistics,Mobile based Logistics Service,New Delhi,"Venugopal Dhoot, Ajay Bhatia, Tarun Khandelwal, Ganpat Singhvi, Mandhian family & Others",Seed Funding,"3,100,000.00"
649,09/08/2017,2017,CroFarm,Technology,Agriculture Supply Chain solutions,Gurgaon,Factor[e] Ventures,Seed Funding,"783,000.00"
652,11/08/2017,2017,Flipkart,eCommerce,Online Marketplace,Bangalore,Softbank,Private Equity,"2,500,000,000.00"
654,11/08/2017,2017,Ola Cabs,Consumer Internet,App based cab aggregation Service,Gurgaon,Tekne Capital Management,Private Equity,"36,000,000.00"
656,14/08/2017,2017,Digilend,Technology,Personal Loans & EMI solutions platform,Mumbai,"InCred Finance, Fullerton India Credit Company Ltd",Seed Funding,"312,000.00"
657,15/08/2017,2017,KNAB Finance,Consumer Internet,Unsecured Small Business Loans,Bangalore,"InCred, Krishnakumar Natarajan, Ravi Bhardwaj",Seed Funding,"385,000.00"
659,20/08/2017,2017,Rootefy,eCommerce,Building material online store,New Delhi,"Abhinav Gupta,",Seed Funding,"187,000.00"
660,21/08/2017,2017,Uniphore,Technology,speech recognition startup,Chennai,IDG Ventures,Private Equity,"6,800,000.00"
661,21/08/2017,2017,Cerebroz,Consumer Internet,E-Tech platform,Vadodara,Undisclosed HNI\\xe2\\x80\\x99s,Seed Funding,"734,000.00"
665,23/08/2017,2017,Dhruva,Technology,Cloud data protection and management solutions,Pune,"Riverwood Capital, Sequoia Capital India, Nexus Venture Partners, Tenaya Capital",Private Equity,"80,000,000.00"
666,23/08/2017,2017,Bombay Shaving Company,eCommerce,Men Grooming product etailer,New Delhi,Fireside Ventures,Private Equity,"2,300,000.00"
668,23/08/2017,2017,Indiez,Technology,Software & Mobile app development platform,Bangalore,Haresh Chawla,Seed Funding,"500,000.00"
669,24/08/2017,2017,Ezetap,Technology,mPOS solutions provider,Bangalore,"JS Capital Management, Social Capital, Horizons Ventures,",Private Equity,"16,000,000.00"
670,25/08/2017,2017,Ink Monk,Consumer Internet,Online printing marketplace,Chennai,"VAMM Ventures, Raksul, Dena",Seed Funding,"750,000.00"
671,25/08/2017,2017,Medinfi,Consumer Internet,Online Doctor Discovery Platform,Bangalore,"PBS Srinivas, Vinod Martin,",Seed Funding,"125,000.00"
672,28/08/2017,2017,Mobikon,Technology,Restaurant & Hotel CRM platform,Pune,"Sistema Asia Fund, C31 Ventures, Qualgro.",Private Equity,"7,000,000.00"
673,29/08/2017,2017,CureFit,Consumer Internet,End to End health and wellness platform.,Bangalore,"Accel Partners, IDG Ventures, Kalaari Capital,\\xc2\\xa0 UC-RNT fund",Private Equity,"25,000,000.00"
674,29/08/2017,2017,Doxper,Technology,Healthtech IoT platform,Mumbai,"idal Health, growx ventures, Capier Investments, Globevestor & others",Seed Funding,"750,000.00"
676,30/08/2017,2017,Treebo,Consumer Internet,Budget Hotel Aggregator platform,Bangalore,"Ward Ferry Management and Karst Peak Capital,",Private Equity,"34,000,000.00"
677,30/08/2017,2017,MedGenome,Technology,Genomics Research and Diagnostics Solutions,Bangalore,"Sequoia India, Sofina s.a., Zodius Capital, Kris Gopalakrishnan, Lakshmi Narayanan,",Private Equity,"30,000,000.00"
678,01/07/2017,2017,Billion Loans,Consumer Internet,Peer to Peer Lending platform,Bangalore,Reliance Corporate Advisory Services Ltd,Seed Funding,"1,000,000.00"
679,03/07/2017,2017,Ecolibriumenergy,Technology,Energy management solutions provider,Ahmedabad,"Infuse Ventures, JLL",Private Equity,"2,600,000.00"
680,04/07/2017,2017,Droom,eCommerce,Online marketplace for automobiles,Gurgaon,"Asset Management (Asia) Ltd, Digital Garage Inc",Private Equity,"20,000,000.00"
681,05/07/2017,2017,Jumbotail,eCommerce,online marketplace for food and grocery,Bangalore,"Kalaari Capital, Nexus India Capital Advisors",Private Equity,"8,500,000.00"
682,05/07/2017,2017,Moglix,eCommerce,B2B marketplace for Industrial products,Noida,"International Finance Corporation, Rocketship, Accel Partners, Jungle Ventures, Shailesh Rao, Venture Highway",Private Equity,"12,000,000.00"
683,05/07/2017,2017,Timesaverz,Consumer Internet,Hyperlocal home services provider,Mumbai,BCCL,Private Equity,"1,000,000.00"
686,07/07/2017,2017,Clip App,Consumer Internet,Digital Media Video platform,Bangalore,"India Quotient, Shunwei Capital",Seed Funding,"1,000,000.00"
688,10/07/2017,2017,Autorox.co,Technology,Workshop Management Software Platform,Hyderabad,Mitsui & Co.,Private Equity,"3,000,000.00"
689,11/07/2017,2017,Fabogo,Consumer Internet,Salon & Spa Aggregation & Discovery platform,Pune,Dunamis Ventures Pte Ltd,Private Equity,"2,250,000.00"
690,11/07/2017,2017,Flickstree,Consumer Internet,Video Content Discovery Platform,Mumbai,"Venture Catalysts, Sourav Ganguly, Ankit Aditya, Moksh Sports Ventures",Seed Funding,"464,000.00"
692,12/07/2017,2017,Innoviti,Technology,Digital payments solutions,Bangalore,"SBI-FMO Fund, Bessemer Venture Partners, Catamaran Ventures",Private Equity,"18,500,000.00"
696,14/07/2017,2017,QwikSpec,Technology,Construction site operations and analytics platform,Bangalore,"Brigade Innovations LLP, TV Mohandas Pai, Suhail Rahman, Bobby Reddy, M George Oommen",Seed Funding,"540,000.00"
697,14/07/2017,2017,Chumbak,eCommerce,Designer consumer products Marketplace,Bangalore,Blacksoil Capital Pvt. Ltd,Private Equity,"1,700,000.00"
698,17/07/2017,2017,Increff,Technology,Sales Solutions for Fashion Brands,Bangalore,"Sequoia Capital, Grey Orange, Rajesh Ramaiah, Anshuman Das, Rishi Das",Seed Funding,"2,000,000.00"
699,17/07/2017,2017,Vayana,Technology,Enterprise Banking Solutions,Pune,"IDG Ventures India Advisors, Jungle Ventures",Private Equity,"4,000,000.00"
704,19/07/2017,2017,Rentomojo,Consumer Internet,Consumer Leasing Platform,Bangalore,"ain Capital Ventures, Renaud Laplanche",Private Equity,"10,000,000.00"
706,19/07/2017,2017,Playablo,Technology,Gamified Learning App,Bangalore,ABI-Showatech (India) Ltd,Seed Funding,"600,000.00"
707,20/07/2017,2017,Trupay,Technology,Online payments platform,Gurgaon,"Kae Capital, M&S Partners,",Seed Funding,"700,000.00"
708,21/07/2017,2017,Brick2Wall,eCommerce,Online Marketplace for Construction Material,Gurgaon,"Subramani Somasundaram, Sundeep Sahni, Mayank Mittal & Others",Seed Funding,"200,000.00"
712,25/07/2017,2017,Noticeboard,Consumer Internet,Mobile-first Enterprise communication platform,Bangalore,"Stellaris Venture Partners,",Private Equity,"1,200,000.00"
713,25/07/2017,2017,Byju\\xe2\\x80\\x99s,Consumer Internet,Mobile Learning App,Bangalore,Tencent Holdings,Private Equity,"35,000,000.00"
715,26/07/2017,2017,Fab Hotels,Consumer Internet,Budget hotels brand & Aggregator Platform,New Delhi,Goldman Sachs,Private Equity,"25,000,000.00"
716,26/07/2017,2017,ThinkerBell,Consumer Internet,Assisted Learning Startup,Bangalore,"Indian Angel Network, Anand Mahindra",Seed Funding,"200,000.00"
717,27/07/2017,2017,1mg,eCommerce,Online Pharmacy,Gurgaon,"HBM Healthcare Investments, Maverick Capital Ventures, Sequoia India, Omidyar Network and Kae Capital",Private Equity,"15,000,000.00"
719,28/07/2017,2017,BigStylist,Consumer Internet,Beauty Services Marketplace,Mumbai,Info Edge (India) Ltd,Private Equity,"1,250,000.00"
722,02/06/2017,2017,RentOnGo,eCommerce,"Online Marketplace for Renting Bikes, Electronics & Appliances",Bangalore,TVS Motor Company,Seed Funding,"234,000.00"
723,05/06/2017,2017,Goomo,Consumer Internet,Online Travel & Holiday Booking platform,Mumbai,Emerging India,Private Equity,"50,000,000.00"
725,06/06/2017,2017,Spinny,eCommerce,Online Used Car marketplace,Gurgaon,"Blume Ventures, Indian Angel Network, Kunal Shah, Sandeep Tandon",Private Equity,"1,000,000.00"
728,06/06/2017,2017,BHIVE Workspace,Consumer Internet,co-working spaces,Bangalore,Blume Ventures,Private Equity,"1,200,000.00"
729,06/06/2017,2017,wayForward,Consumer Internet,Mobile app for Mental Health,New Delhi,"Harsh Mahajan, Farhan Naqvi, Sreepathy Viswanathan",Seed Funding,"1,000,000.00"
732,07/06/2017,2017,ZipLoan,Consumer Internet,Online lending platform,New Delhi,WaterBridge Ventures,Seed Funding,"650,000.00"
733,07/06/2017,2017,GrowFitter,Consumer Internet,health and fitness discovery platform,Mumbai,SQue Capital,Seed Funding,"600,000.00"
734,08/06/2017,2017,Stratfit,Consumer Internet,Health coaching programs,Hyderabad,Bodhtree Consulting Limited,Seed Funding,"232,000.00"
735,08/06/2017,2017,Multiplier Solutions,Technology,CRM Software for Healthcare space,Hyderabad,Norwest Venture Partners,Private Equity,"1,500,000.00"
736,08/06/2017,2017,ABI Health,Technology,Unified Digital Health Platform,Bangalore,Norwest Venture Partners,Private Equity,"1,500,000.00"
737,08/06/2017,2017,Stockal,Consumer Internet,App-based Investment advisory Services,Bangalore,"Mohan Alexander, R. Natarajan, Vikrant Varshney, Amit Sinha",Seed Funding,"350,000.00"
738,09/06/2017,2017,Guidoo,Consumer Internet,Travel & adventure planning platform,Mumbai,"Pawan Borle, Nirmal Singh, Manish Prasad, Vineet Varma, Nick Haulkoury, Abhai S. Rao",Seed Funding,"300,000.00"
739,09/06/2017,2017,eSahai.in,Consumer Internet,ambulance aggregator and medical taxi provider,Hyderabad,"Dr Ramesh Ayyala, Satya Muthyala",Seed Funding,"250,000.00"
741,12/06/2017,2017,LendingKart,Consumer Internet,Online Lending platform,Ahmedabad,Yes Bank,Debt Funding,"7,800,000.00"
742,12/06/2017,2017,Boxx.ai,Technology,Artificial Intelligence,Bangalore,"Unicorn India Ventures, Venky Krishnakumar, Suresh Shankar, Vivek Bhargava",Private Equity,"500,000.00"
743,12/06/2017,2017,PeeSafe.in,Healthcare,Hygiene care product manufacturer,New Delhi,"Venture Catalysts, Alfa Capital, Green Shots Capital, Real Time Ventures",Private Equity,"1,000,000.00"
744,12/06/2017,2017,Vista Rooms,Consumer Internet,Online rooms aggregation platform,Mumbai,"Artha India Ventures, Singularity Holdings, Rajan Anandan, Girish Mathrubootham",Seed Funding,"776,000.00"
745,12/06/2017,2017,CoverFox,Consumer Internet,Online insurance brokerage platform,Mumbai,Transamerica,Private Equity,"15,000,000.00"
747,13/06/2017,2017,Goodera,Technology,CSR and sustainability management platform,Bangalore,"Nexus Venture Partners, Omidyar Network",Private Equity,"5,500,000.00"
749,14/06/2017,2017,Ola,Consumer Internet,Cab Aggregation App,Bangalore,Tekne Capital Management LLC,Private Equity,"50,000,000.00"
751,14/06/2017,2017,MrNeeds,Consumer Internet,Micro Food Delivery platform,Noida,undisclosed investors,Seed Funding,"500,000.00"
752,15/06/2017,2017,MoneyTap,Consumer Internet,Money Lending platform,Bangalore,"Sequoia India, NEA, Prime Venture Partners",Private Equity,"12,300,000.00"
753,16/06/2017,2017,Goodbox,eCommerce,Mobile SAAS\\xc2\\xa0 ECommerce platform for SMEs,Bangalore,"Nexus Venture Partners, Mekin Maheshwari",Private Equity,"1,000,000.00"
754,16/06/2017,2017,Fincash,Consumer Internet,Personal Fice platform,Mumbai,"Mohammed Khan, Sameer Narayan & Others",Seed Funding,"100,000.00"
755,16/06/2017,2017,PortDesk,Technology,Maritime Solutions,Noida,Alphard Maritime Group,Seed Funding,"2,000,000.00"
759,19/06/2017,2017,Unbxd,Technology,Cloud-based product discovery platform,Bangalore,Eight Roads Ventures,Private Equity,"12,500,000.00"
760,19/06/2017,2017,DarwinBox,Technology,Enterprise human resources management platform,Hyderabad,"Lightspeed India Partners, Endiya Partners, 3one4 Capital Advisors LLP, Startupxseed Ventures LLP",Private Equity,"4,000,000.00"
761,20/06/2017,2017,ForeverShop,Consumer Internet,Mobile based ecommerce platform,Bangalore,91maker.com,Seed Funding,"300,000.00"
762,20/06/2017,2017,Insider.in,Consumer Internet,Events Ticketing platform,Mumbai,Paytm,Private Equity,"5,200,000.00"
763,21/06/2017,2017,Fynd,eCommerce,Fashion etailer,Mumbai,"IIFL Seed Ventures, Kae Capital, FJ Labs, Singularity Ventures, GrowX, Tracxn Labs, Axis Capital",Private Equity,"2,400,000.00"
764,21/06/2017,2017,Grow Fit,Consumer Internet,Health-Tech platform,Bangalore,"Manipal Education and Medical Group (MEMG), SAR Group, The Grover Trust",Private Equity,"4,500,000.00"
765,21/06/2017,2017,Fabulyst,Technology,Artificial Intelligence based platform,Hyderabad,iBhubs,Seed Funding,"215,000.00"
766,21/06/2017,2017,mSwipe,Technology,Point-of-Sale services,Mumbai,"UC-RNT Fund, Matrix Partners, alcon Edge Capital, DSG Consumer Partners",Private Equity,"31,000,000.00"
768,22/06/2017,2017,Julia Computing,Technology,Open Source Language for Data Science and Machine Learning,Bangalore,"General Catalyst, Founder Collective",Private Equity,"4,600,000.00"
769,22/06/2017,2017,Kissht,Consumer Internet,Consumer Lending platform,Mumbai,"Endiya Partners, Ventureast",Private Equity,"2,000,000.00"
770,22/06/2017,2017,Explore Life traveling,Consumer Internet,Local homes booking platform,Bangalore,"Mekin Maheshwari, Bharat Vijay, Krish Seshadri, Amar Arsikere",Seed Funding,"500,000.00"
771,23/06/2017,2017,Loantap,Consumer Internet,Lending platform for salaried professionals,Mumbai,"Kae Capital, India Quotient, IFMR, and MAS Financial Services Ltd",Private Equity,"4,000,000.00"
772,23/06/2017,2017,Voxweb,Consumer Internet,Mobile based social networking platform,Mumbai,Undisclosed investors,Seed Funding,"1,000,000.00"
773,26/06/2017,2017,HUG Innovations,Technology,Gesture based\\xc2\\xa0 Smartwatch manufacturer,Hyderabad,"Mohit Srivastav, Kishore Ganji, Venkat Vallabhaneni, Rajeev Menon",Private Equity,"5,000,000.00"
774,26/06/2017,2017,Flipkart,eCommerce,Online marketplace,Bangalore,Naspers,Private Equity,"71,000,000.00"
775,26/06/2017,2017,V Resorts,Consumer Internet,Holiday & Vacation resort aggregator,Noida,"Seedfund, RB International",Private Equity,"4,000,000.00"
776,27/06/2017,2017,Stashfin,Consumer Internet,Personal Fice App,New Delhi,"Snow Leopard Ventures, Alto Partners",Private Equity,"5,000,000.00"
778,27/06/2017,2017,Spares Hub,eCommerce,Automobile parts marketplace,Pune,"The Chennai Angels, Anthill Scale Ventures, Esvee Technologies Inc, Inc95 Consulting",Seed Funding,"311,000.00"
780,28/06/2017,2017,Rubique,Consumer Internet,Online Marketplace for ficial products,Mumbai,"Kalaari Capital, Udayan Goyal",Private Equity,"3,000,000.00"
781,28/06/2017,2017,Niki.ai,Consumer Internet,AI Based Personal Assistant,Bangalore,"SAP.iO, Unilazer Ventures",Private Equity,"2,000,000.00"
782,29/06/2017,2017,Fitpass,Consumer Internet,Online Fitness Marketplace,New Delhi,"Abhinav Bindra, Gaurav Marya",Private Equity,"1,000,000.00"
784,30/06/2017,2017,Tagos Design,Technology,in-video discovery platform,Bangalore,Undisclosed Investors,Private Equity,"5,000,000.00"
785,30/06/2017,2017,UrbanClap,Consumer Internet,Mobile Services Marketplace,Gurgaon,"Vy Capital, SAIF Partners, Accel Partner, Bessemer Venture Partners",Private Equity,"21,000,000.00"
786,01/05/2017,2017,Ace2three,Consumer Internet,Online Rummy playing Website,Hyderabad,Clairvest Group,Private Equity,"73,700,000.00"
787,01/05/2017,2017,Power2SME,eCommerce,Buying portal for SMEs,Gurgaon,International Finance Corporation,Private Equity,"10,000,000.00"
788,02/05/2017,2017,Innovapptive,Technology,Enterprise Mobility Solutions,Hyderabad,Hyderabad Angels,Seed Funding,"1,500,000.00"
789,02/05/2017,2017,4tigo,Logistics,Truck Network company,Bangalore,"Accel Partners, Nandan Nilekani,",Private Equity,"10,000,000.00"
791,02/05/2017,2017,ZippServe,Consumer Internet,Real estate risk assessment platform,Bangalore,undisclosed investors,Seed Funding,"390,000.00"
792,03/05/2017,2017,Ola,Consumer Internet,Cab Aggregation App,Bangalore,"Falcon Edge Capital,\\xc2\\xa0 Capital Advisers",Private Equity,"104,500,000.00"
793,03/05/2017,2017,Sumeru,Technology,Software & Mobile development services,Bangalore,undisclosed investors,Seed Funding,"1,000,000.00"
799,05/05/2017,2017,Balance App,Consumer Internet,Money Savings & Management App,Bangalore,Rainmatter,Seed Funding,"233,000.00"
800,08/05/2017,2017,YepMe,eCommerce,Private Label Fashion etailer,Gurgaon,"Rainbow Digital Services Pvt. Ltd, ILearnFinance Academy Pvt. Ltd.",Private Equity,"700,000.00"
803,08/05/2017,2017,MyGreens,Food & Beverage,Cold-press Juices manufacturer,New Delhi,"Ajay Relan, LetsVenture",Seed Funding,"1,000,000.00"
804,08/05/2017,2017,Ace Turtle,Technology,Omni-Channel Platform,Bangalore,"Vertex Ventures, C31 Ventures",Private Equity,"5,000,000.00"
805,08/05/2017,2017,CureFit,Technology,Health-Tech Platform,Bangalore,"Trifecta Capital Advisors LLP, Prathithi Investment Trust, RNT Capital, Gokul Rajaram, Aditya Agarwal, Ruchi Sanghvi & others",Private Equity,"3,200,000.00"
806,09/05/2017,2017,Curie Labs,Technology,Energy Analytics startup,New Delhi,Satoshi Studios,Seed Funding,"50,000.00"
811,10/05/2017,2017,Vidooly,Consumer Internet,Video Intelligence platform,Noida,"Times Internet, GVFL",Private Equity,"1,400,000.00"
812,10/05/2017,2017,Shopclues,eCommerce,Online marketplace,Gurgaon,InnoVen Capital,Private Equity,"7,700,000.00"
813,10/05/2017,2017,Fourth Ambit,Consumer Internet,Community Building platform,Bangalore,1Crowd,Seed Funding,"600,000.00"
815,11/05/2017,2017,Early Salary,Consumer Internet,Online lending platform,Pune,"DG Ventures India, Dewan Housing Finance Corp",Private Equity,"4,000,000.00"
818,12/05/2017,2017,Legal Raasta,Consumer Internet,Legal Services to SMEs & Individuals,New Delhi,Impanix Capital,Private Equity,"5,000,000.00"
820,12/05/2017,2017,Remit Guru,Consumer Internet,Digital money transfer platform,Mumbai,"Infibeam, CCavenue",Private Equity,"466,000.00"
821,12/05/2017,2017,Aequm,eCommerce,Cloud ECommerce platform,Bangalore,undisclosed investors,Seed Funding,"1,000,000.00"
822,15/05/2017,2017,Zapty,Technology,Project Management tool,Bangalore,IdeaSpring Capital,Seed Funding,"500,000.00"
825,16/05/2017,2017,Telr,Technology,Online Payment Gateway,Mumbai,Innovations East,Private Equity,"3,000,000.00"
826,16/05/2017,2017,Fynd,eCommerce,Fashion ECommerce Portal,Mumbai,Rocketship,Private Equity,"500,000.00"
827,17/05/2017,2017,Genie,Consumer Internet,hyperlocal delivery and logistics mobile app,Chennai,undisclosed investors,Seed Funding,"250,000.00"
828,17/05/2017,2017,Paysense,Consumer Internet,Online Lending platform,Mumbai,Jungle Ventures,Private Equity,"5,300,000.00"
829,18/05/2017,2017,The Good Life,ECommerce,Online Luxury Tea etailer,Mumbai,"Ayesha Takia Azmi, Abu Farhan Azmi",Seed Funding,"1,000,000.00"
831,18/05/2017,2017,Paytm,ECommerce,Mobile Wallet & ECommerce platform,Bangalore,SoftBank Group,Private Equity,"1,400,000,000.00"
832,19/05/2017,2017,EzCred,Consumer Internet,Consumer Lending Platform,Bangalore,"Dheeraj Pandey, Rajesh Yohannan, Akash Garg",Seed Funding,"1,000,000.00"
835,22/05/2017,2017,Delhivery,Logistics,ECommerce Logistics provider,New Delhi,Fosun International,Private Equity,"30,000,000.00"
836,22/05/2017,2017,ZipGrid,Consumer Internet,"Cashless, paperless solutions for Housing societies",Mumbai,"JLL, 1Crowd",Seed Funding,"500,000.00"
838,23/05/2017,2017,Magicpin,Consumer Internet,Hyperlocal discovery platform,Gurgaon,"Lightspeed Venture Partners, Vy Capital,",Private Equity,"6,600,000.00"
840,23/05/2017,2017,Box8,Consumer Internet,Food Delivery Platform,Mumbai,Trifecta Capital,Private Equity,"1,000,000.00"
841,24/05/2017,2017,GenNext Students,Consumer Internet,Online Tutoring Services,Mumbai,Undisclosed Investors,Seed Funding,"580,000.00"
842,25/05/2017,2017,Aye Finance,Fice,Non-Banking Ficial Company,Gurgaon,Blue Orchard,Private Equity,"8,000,000.00"
847,29/05/2017,2017,Collateral Medical,eCommerce,Online Medical equipment supplier,Mumbai,Carpediem Capital,Private Equity,"3,500,000.00"
850,30/05/2017,2017,Supr Daily,Consumer Internet,Subscription based delivery platform,Mumbai,"Soma Capital, Great Oaks Ventures, 122 West Ventures",Private Equity,"1,500,000.00"
851,30/05/2017,2017,Swiggy,Consumer Internet,Online food delivery platform,Bangalore,"Nasper, Accel India, SAIF Partners, Bessemer Venture Partners, Harmony Partners, Norwest Venture Partners",Private Equity,"80,000,000.00"
852,31/05/2017,2017,SastaSundar,eCommerce,Online Pharmacy,Kolkata,Rohto Pharmaceutical,Private Equity,"5,000,000.00"
853,31/05/2017,2017,Magicpin,Consumer Internet,Hyperlocal Discovery\\xc2\\xa0 & Rewards platform,Gurgaon,"Lightspeed India Partners, Waterbridge Ventures",Private Equity,"7,000,000.00"
854,01/04/2017,2017,Cashe,Consumer Internet,Online & Mobile based Lending platform,Mumbai,"Mathew Cyriac, Florintree Advisors,",Private Equity,"3,800,000.00"
855,03/04/2017,2017,Eruditus,Education,Executive Education Provider,Mumbai,Bertelsmann India,Private Equity,"8,200,000.00"
857,03/04/2017,2017,Healthcare at Home,Healthcare,Home Healthcare Provider,Noida,Quadria Capital Advisors,Private Equity,"40,000,000.00"
860,04/04/2017,2017,WayCool,Food & Beverage,Fresh-Produce Distribution Platform,Chennai,Aspada Investments,Private Equity,"2,700,000.00"
861,04/04/2017,2017,Perfios,Technology,Fin-Tech Solutions,Bangalore,Bessemer Venture Partners,Private Equity,"6,100,000.00"
862,04/04/2017,2017,Whatfix,Technology,Interactive Tech-Support Guides,Bangalore,"Stellaris Venture Partners, Helion Venture Partners, Powerhouse Ventures, Gokul Rajaram, Girish Mathrubootham, Aneesh Reddy, Vispi Daver",Private Equity,"3,690,000.00"
863,04/04/2017,2017,ElastiRun,Technology,App based Logistics & Distribution platform,Pune,"Kalaari Capital, Norwest Venture Partners",Private Equity,"7,000,000.00"
864,04/04/2017,2017,Trukky,Consumer Internet,Online Truck Aggregator & Booking platform,Ahmedabad,"Keyur Joshi, Pavan Bakeri",Seed Funding,"500,000.00"
865,04/04/2017,2017,Konsult App,Consumer Internet,App based Doctor Consulting platform,New Delhi,"Koen Bouwers, Lomesh Agarwal, Jeroen Mensen, Pablo van den Bosch & Others",Seed Funding,"500,000.00"
867,05/04/2017,2017,Fingerlix,Consumer Internet,Food Delivery Platform,Mumbai,Zephyr Peacock India,Private Equity,"3,000,000.00"
869,06/04/2017,2017,Medwell Ventures,Healthcare,Home-Based Healthcare provider,Bangalore,"Mahindra Partners, Eight Roads Ventures, F-Prime Capital Partners",Private Equity,"21,000,000.00"
870,06/04/2017,2017,Mech Mocha,Consumer Internet,Mobile gaming startup,Bangalore,"Accel Partners, Shunwei Capital",Private Equity,"5,000,000.00"
874,07/04/2017,2017,PharmEasy,eCommerce,Online Pharmacy,Mumbai,"Bessemer Venture Partners, Orios Venture Partners, Trifecta Capital,",Private Equity,"18,000,000.00"
876,08/04/2017,2017,FastFox,Consumer Internet,Online rental discovery platform,Gurgaon,"Lightspeed India Partners, Blume Ventures, CyberAgent Ventures, GrowX Ventures, IMJ Investment Partners",Private Equity,"4,600,000.00"
877,10/04/2017,2017,Omnify,Technology,SaaS platform for SMEs,Bangalore,"Rajan Anandan, L.D Sharma, Saurabh Arora",Seed Funding,"150,000.00"
878,10/04/2017,2017,Capital Float,Consumer Internet,Online Lending Platform for SME,Bangalore,Mahindra and Mahindra Financial Services,Private Equity,"2,300,000.00"
879,11/04/2017,2017,Ninjacart,eCommerce,B2B agri-marketing platform,Bangalore,"Accel Partners, Nandan Nilekani\\xe2\\x80\\x99s NRJN Trust, Mistletoe, Qualcomm Ventures, M&S Partners",Private Equity,"5,500,000.00"
880,11/04/2017,2017,MergerWare,Technology,Software solutions for M&As,Bangalore,Philippe Bouchet,Seed Funding,"100,000.00"
882,12/04/2017,2017,Clovia,eCommerce,Online lingerie & Sleepwear etailer,New Delhi,"Ivycap Ventures Advisors, Singularity Ventures and Ravi Dhariwal",Private Equity,"4,000,000.00"
883,12/04/2017,2017,Emiza,Logistics,Third Party Logistics provider,Mumbai,"Mayfield, Nishant Rao, Dileep Nath",Private Equity,"4,500,000.00"
884,12/04/2017,2017,HackerEarth,Consumer Internet,Online Skill Assessment Platform,Bangalore,"DHI Group Inc, Prime Venture Partners, Beenext, Beenos, Digital Garage, BizReach",Private Equity,"4,500,000.00"
885,12/04/2017,2017,Squadrun,Technology,Software-As-a-Service Platform,Noida,"Blume Ventures, Contrarian Capital, 91springboard, Emergent Ventures, Abstract Ventures, Anthill Ventures, Axilor Ventures",Private Equity,"2,100,000.00"
889,13/04/2017,2017,WeAreHolidays,Consumer Internet,Travel Packages & Planner marketplace,Gurgaon,"Urrshila Kerkar,",Private Equity,"7,700,000.00"
890,14/04/2017,2017,Ola Cabs,Consumer Internet,Cab Aggregator App,Bangalore,SIMI Pacific Pte,Private Equity,"260,000,000.00"
891,15/04/2017,2017,Myly,Consumer Internet,Mobile App for Schools,Jaipur,mall Industries Development Bank of India (SIDBI),Seed Funding,"310,000.00"
892,17/04/2017,2017,CrediHealth,Consumer Internet,Online Medical Assistance platform,Gurgaon,"Tolaram Inc, Mountain Pine Capital",Private Equity,"1,500,000.00"
895,17/04/2017,2017,Snackible,Food & Beverages,Healthy Snacks manufacturer,Mumbai,"Nibhrant Shah, Anandbir Singh, Anirudh Sheth, Pratik Singhi, Vikram Mehta, Murali Nair",Seed Funding,"175,000.00"
896,17/04/2017,2017,Be U Salons,Consumer Internet,Online Salon discovery & Booking Services,New Delhi,"Gaurav Kachru, Sundeep Singh Sahni, Jatin Aneja, Arun Malhotra",Seed Funding,"620,000.00"
898,17/04/2017,2017,LendingKart,Consumer Internet,Lending platform for small businesses,Ahmedabad,Anicut Capital,Private Equity,"4,650,000.00"
899,18/04/2017,2017,Innefu Security Consulting,Technology,Cyber Security solutions using AI,New Delhi,IndiaNivesh Venture Capital Fund,Private Equity,"2,000,000.00"
900,18/04/2017,2017,Whodat,Technology,Markerless AR platform,Bangalore,Ideaspring Capital,Private Equity,"600,000.00"
901,18/04/2017,2017,Absentia VR,Technology,Virtual Reality Startup,Bangalore,Exfinity Venture Partners,Private Equity,"1,250,000.00"
902,19/04/2017,2017,IOTrek,Technology,IoT Platform for Bus,New Delhi,Undisclosed Investor,Seed Funding,"155,000.00"
903,20/04/2017,2017,HolaChef,Consumer Internet,Online Food Delivery,Mumbai,"SIDBI Venture Capital Ltd, Kalaari Capital",Private Equity,"3,000,000.00"
905,21/04/2017,2017,Video Ken,Consumer Internet,Video Based Collaborative Learning,Bangalore,"Ravi Garikipati, Surot Chatterjee, Ashish Agrawal, LG Chandrasekhar, Sashi Reddi",Seed Funding,"1,000,000.00"
906,24/04/2017,2017,Faasos,Food & Beverage,QSR chain and online food delivery,Pune,"Ligthbox Ventures II, Lightbox Expansion Fund, Sequoia Capital India, RuNet South Asia, RB Investments",Private Equity,"6,300,000.00"
907,24/04/2017,2017,Oyo Rooms,Consumer Internet,Branded Budget Hotels Aggregator,Gurgaon,"SoftBank Vision Fund, Lightspeed Venture Partners, Sequoia Capital India Advisors, Greenoaks Capital Partners",Private Equity,"250,000,000.00"
908,24/04/2017,2017,Toppr,Consumer Internet,Learning mobile app for students,Mumbai,WGG International,Private Equity,"3,200,000.00"
910,25/04/2017,2017,The Office Pass,Consumer Internet,CoWorking Spaces booking platform,Gurgaon,"Arun Tadanki, Aditya Verma",Seed Funding,"245,000.00"
911,25/04/2017,2017,UrbanClap,Consumer Internet,Mobile Services Marketplace,Gurgaon,Trifecta Capital,Private Equity,"3,100,000.00"
912,26/04/2017,2017,Awfis,Consumer Internet,Collaborative co-Working Spaces,Mumbai,Sequoia India,Private Equity,"20,000,000.00"
914,26/04/2017,2017,Flytxt,Technology,Customer data analytics software,Mumbai,DAH Beteiligungs GmbH,Private Equity,"11,000,000.00"
915,26/04/2017,2017,Howdy Ventures,Consumer Internet,Public and Private Events creation app,Chennai,S. Xavier Britto,Seed Funding,"1,500,000.00"
916,26/04/2017,2017,StalkBuyLove,eCommerce,Online fashion marketplace,New Delhi,Trifecta Capital,Private Equity,"1,000,000.00"
918,27/04/2017,2017,Scootsy,Consumer Internet,On-Demand Food Delivery,Mumbai,"Agnus Capital, Khattar Holdings",Private Equity,"3,600,000.00"
921,27/04/2017,2017,iNurture,Consumer Internet,Online Educational courses,Bangalore,BlackSoil Capital Pvt. Ltd,Private Equity,"1,500,000.00"
922,28/04/2017,2017,Sepalika,Consumer Internet,Healthcare related content platform,New Delhi,Accel Partners,Seed Funding,"750,000.00"
925,01/03/2017,2017,Ola,Consumer Internet,App based cab aggregator,Bangalore,SoftBank Group Corp,Private Equity,"330,000,000.00"
926,01/03/2017,2017,Belong,Consumer Internet,Online Jon Portal,Bangalore,Sequoia Capital India,Private Equity,"10,000,000.00"
929,02/03/2017,2017,Celes Care,Consumer Internet,Women Healthcare & Information portal,Hyderabad,"Ventureast, Endiya Partners, Eight Roads Ventures, F-Prime Capital Partners",Private Equity,"1,500,000.00"
930,02/03/2017,2017,Karomi,Technology,Packaging Artwork Management software,Chennai,Ideaspring Capital,Seed Funding,"500,000.00"
931,02/03/2017,2017,Red Carpet,Consumer Internet,Micro Lending platform,Gurgaon,Lightspeed Venture Partners,Private Equity,"2,500,000.00"
933,02/03/2017,2017,CreditMantri,Consumer Internet,Online Credit score & lending platform,Chennai,Quona Capital,Private Equity,"7,600,000.00"
935,03/03/2017,2017,Tydy,Technology,Employee Onboarding and Engagement platform,Bangalore,"Bhupen Shah, Jayesh Parekh, Sanjay Sathe",Seed Funding,"275,000.00"
937,03/03/2017,2017,Oho Shop,Technology,eCommerce Mobile App Builder,Ahmedabad,"Bennett, Coleman and Company Ltd",Private Equity,"6,700,000.00"
939,03/03/2017,2017,Paytm Marketplace,ECommerce,ECommerce Marketplace,Bangalore,Alibaba,Private Equity,"200,000,000.00"
940,04/03/2017,2017,iGenetics,Healthcare,Health Diagnostic Solutions,Mumbai,CDC Group Plc,Private Equity,"19,500,000.00"
941,06/03/2017,2017,Juno Clinic,Consumer Internet,Online Counseling Platform,Mumbai,Atul Nishar,Seed Funding,"1,200,000.00"
942,06/03/2017,2017,Summerlabel,Consumer Internet,Fashion and Lifestyle discovery platform,Gurgaon,"Aneesh Seth, Tushar Mittal",Seed Funding,"150,000.00"
943,06/03/2017,2017,PickMe,Consumer Internet,Gadget Insurance & Repair Services platform,Mumbai,SIDBI Venture Capital Fund,Private Equity,"1,790,000.00"
944,07/03/2017,2017,Agrostar,Technology,Direct-to-Farmer Mobile-Based Retail platform,Pune,Accel Partners,Private Equity,"10,000,000.00"
945,07/03/2017,2017,Zapr,Technology,"DSP, TV Analytics & Cross-Platform advertising",Bangalore,Star India Pvt Ltd,Private Equity,"10,000,000.00"
946,07/03/2017,2017,Data Resolve,Technology,Cyber Security Solutions,Noida,IDFC Parampara Early Stage Opportunities Fund,Private Equity,"1,000,000.00"
947,07/03/2017,2017,Book Servicing,Consumer Internet,Online Vehicle Services Booking platform,New Delhi,National Science and Technology Entrepreneurship Development Board,Seed Funding,"30,000.00"
948,07/03/2017,2017,Blowhorn,Consumer Internet,Intra-City Logistics provider,Bangalore,"IDG Ventures India, Michael & Susan Dell Foundation, Draper Associates, Unitus Seed Fund",Private Equity,"3,650,000.00"
949,08/03/2017,2017,Rivigo,Logistics,Technology Enabled Logistics Company,Gurgaon,Private Sector Banks (Debt Funding),Private Equity,"15,000,000.00"
950,08/03/2017,2017,PipeCandy,Technology,Intelligent Sales Prospecting Platform,Chennai,"IDG ventures, Axilor Ventures, Emergent Ventures, Indian Angel Network",Seed Funding,"1,100,000.00"
951,08/03/2017,2017,Supr Daily,Consumer Internet,Subscription based Home Delivery Platform,Mumbai,Y Combinator,Seed Funding,"120,000.00"
953,09/03/2017,2017,AppBrowzer,Consumer Internet,Instant Mobile Apps Store,Bangalore,Deepak Gurnani,Seed Funding,"500,000.00"
954,09/03/2017,2017,MagicBricks,Consumer Internet,Online Real Estate Portal,Mumbai,Times Internet Ltd,Private Equity,"4,500,000.00"
955,10/03/2017,2017,PeeBuddy,Healthcare,Female Hygiene product manufacturer,New Delhi,Indian Angel Network,Seed Funding,"443,000.00"
957,10/03/2017,2017,Lavelle Networks,Technology,SDN Solutions,Bangalore,Ideaspring Capital,Seed Funding,"600,000.00"
960,15/03/2017,2017,LatestOne,eCommerce,Tech Accessories e-tailer,Hyderabad,"Florintree, Mathew Cyriac, Chidambaram Palaniappan, Bharat Sheth",Private Equity,"3,350,000.00"
961,15/03/2017,2017,Frapperz,Consumer Internet,On-demand home services provider,Kolkata,Undisclosed Investor,Seed Funding,"100,000.00"
962,16/03/2017,2017,mPaani,Consumer Internet,Loyalty rewards app,Mumbai,"IDG Ventures, Blume Ventures, Saha Fund,",Private Equity,"1,350,000.00"
964,16/03/2017,2017,POPxo,Consumer Internet,Digital Media publication for women,New Delhi,"GREE Ventures, Kalaari Capital and IDG Ventures India, Summit Media, Atul Goel, and Gurpreet Singh",Private Equity,"3,100,000.00"
965,16/03/2017,2017,Fitso,Consumer Internet,Fitness Mobile App,Gurgaon,"Sujeet Kumar, Bhupender Singh, Yashish Dhaiya",Seed Funding,"200,000.00"
967,21/03/2017,2017,Flipkart,eCommerce,ECommerce Marketplace,Bangalore,"Microsoft, eBay, Tencent Holdings",Private Equity,"1,400,000,000.00"
968,21/03/2017,2017,Airpay,Technology,Online payment Gateway,Mumbai,"Kalaari Capital, Rakesh and Rajesh Jhunjhunwala",Private Equity,"3,670,000.00"
969,21/03/2017,2017,MyGlamm,Consumer Internet,On-Demand Beauty Services,Mumbai,L\\xe2\\x80\\x99Occitane,Private Equity,"5,300,000.00"
971,22/03/2017,2017,Haqdarshak,Consumer Internet,Tech-Enabled Social Enterprise,Bangalore,"Ravi Saxena, Sandeep Raju,",Seed Funding,"191,000.00"
972,23/03/2017,2017,Ixigo,Consumer Internet,Online Travel Search Engine,Gurgaon,"Sequoia Capital, Kinzon Capital",Private Equity,"15,000,000.00"
973,23/03/2017,2017,Markets and Markets,Technology,Marketing Research Company,Pune,"FTV Capital, Zodius Capital",Private Equity,"56,000,000.00"
974,24/03/2017,2017,Bizom,Technology,supply chain automation platform,Bangalore,Ojas Ventures,Seed Funding,"382,000.00"
976,24/03/2017,2017,Delhivery,Technology,Tech enabled Fulfilment & Logistics Solutions,New Delhi,"Carlyle Group, Tiger Global",Private Equity,"100,000,000.00"
978,28/03/2017,2017,Fynd,ECommerce,Online fashion marketplace,Mumbai,Venture Catalysts,Private Equity,"500,000.00"
980,28/03/2017,2017,DoneThing,Consumer Internet,On-demand Personal Assistant service,Gurgaon,Brand Capital,Private Equity,"300,000.00"
982,29/03/2017,2017,Ithaka,Consumer Internet,Vacation Trip Planning platform,Mumbai,"Ankit Gupta, Puneet Motihar",Seed Funding,"325,000.00"
983,29/03/2017,2017,perpule,eCommerce,Self-Checkout ECommerce App,Bangalore,KStart Capital,Seed Funding,"650,000.00"
985,29/03/2017,2017,Licious,ECommerce,Online Meat Ordering platform,Bangalore,"Mayfield India, 3one4 Capital, Sistema Asia Fund, Neoplux Technology Fund",Private Equity,"10,000,000.00"
986,29/03/2017,2017,Medinfi,Consumer Internet,Doctor & Hospital search Platform,Bangalore,"Vinod Martin, Hemant Kaul, Prof. Ram Kumar Kakani & Others",Seed Funding,"50,000.00"
990,31/03/2017,2017,Jhakaas,Consumer Internet,Offline Business Aggregator App,Mumbai,"Malini Patel, Stelcore Management Services, Anjani Prasad",Seed Funding,"155,000.00"
991,31/03/2017,2017,Oriano Solar,Technology,Turnkey Solar Solutions,Mumbai,Samridhi Fund,Private Equity,"3,000,000.00"
992,31/03/2017,2017,BigBasket,ECommerce,Online Grocer,Bangalore,Trifecta Capital,Private Equity,"7,000,000.00"
995,31/03/2017,2017,Icertis,Technology,ERP solutions provider,Pune,"B Capital Group, Ignition Partners, Greycroft, e.ventures,\\xc2\\xa0 Eight Roads Ventures",Private Equity,"25,000,000.00"
998,06/02/2017,2017,Capital Float,Consumer Internet,Online lending platform,Bangalore,IFMR Capital Finance,Private Equity,"2,500,000.00"
1000,07/02/2017,2017,Inner Hour,Consumer Internet,Online Counselling Platform,Mumbai,"Batlivala & Karani Securities, Venture Works",Seed Funding,"450,000.00"
1001,07/02/2017,2017,Travel Triangle,Consumer Internet,Online travel agent marketplace,Noida,"RB Investments, SAIF Partners, Bessemer Venture Partners",Private Equity,"10,000,000.00"
1002,08/02/2017,2017,Wandertrails,Consumer Internet,"Online Travel, Adventure & Activities Portal",Bangalore,Earlsfield Capital,Seed Funding,"1,000,000.00"
1003,08/02/2017,2017,Zenatix,Technology,IoT Based Energy Monitoring & Control,Gurgaon,"pi Ventures, Blume Ventures",Private Equity,"1,200,000.00"
1004,08/02/2017,2017,Cartrade,Consumer Internet,Automobile Classifieds Portal,Mumbai,Temasek Holdings,Private Equity,"55,000,000.00"
1006,08/02/2017,2017,Edurev,Consumer Internet,Online Education Portal,Gurgaon,Facebook FB Start programme,Seed Funding,"40,000.00"
1007,09/02/2017,2017,Voonik,ECommerce,Women Apparel & Lifestyle etailer,Bangalore,"RB Investments, Sequoia Capital",Private Equity,"6,000,000.00"
1009,09/02/2017,2017,Wooplr,ECommerce,Women Fashion Portal,Bangalore,"Sistema Asia Fund, Amereus Group, Helion Ventures",Private Equity,"8,000,000.00"
1010,10/02/2017,2017,48East,ECommerce,Online Food Delivery Platform,Bangalore,Al Dhaheri family,Private Equity,"500,000.00"
1012,13/02/2017,2017,Sigtuple,Technology,Medical Automation platform,Bangalore,"Accel Partners, IDG Ventures, Endiya Partners, pi Ventures, VH Capital, Axilor Partners",Private Equity,"5,800,000.00"
1013,13/02/2017,2017,Flutura,Technology,Decision Sciences Analytics Solutions,Bangalore,"Vertex Ventures, Lumis Partners",Private Equity,"7,500,000.00"
1014,13/02/2017,2017,Wassup,Consumer Internet,On Demand Laundry & Dry Cleaning Services,Chennai,Anil Jain & other HNIs,Private Equity,"3,200,000.00"
1015,13/02/2017,2017,Better Mortgage,Consumer Internet,Mortgage Offering Platform,Gurgaon,"Kleiner Perkins, Goldman Sachs, Pine Brook",Private Equity,"15,000,000.00"
1016,13/02/2017,2017,Nurturey,Consumer Internet,Parenting Mobile App,New Delhi,Mohit Joshi & Others,Seed Funding,"330,000.00"
1017,13/02/2017,2017,Fyle,Technology,Expense Management Solution,Bangalore,Pravega Ventures,Seed Funding,"400,000.00"
1018,14/02/2017,2017,GoBumpr,Consumer Internet,Online Bike & Car Services provider,Chennai,"Mahalingam K, Girish Mathrubootham",Seed Funding,"300,000.00"
1019,14/02/2017,2017,CCAvenue,Consumer Internet,Online Payment Gateway,Mumbai,Infibeam,Private Equity,"22,400,000.00"
1022,15/02/2017,2017,ZestMoney,Consumer Internet,Online Consumer Lending platform,Bangalore,"PayU, Ribbit Capital, Omidyar Network",Private Equity,"6,500,000.00"
1023,15/02/2017,2017,AirZaar,Technology,Drone operations management platform,Missourie,Quake Capital,Seed Funding,"350,000.00"
1024,16/02/2017,2017,Truebil,Consumer Internet,Online Marketplace for Used Cars,Mumbai,Shunwei Capital,Private Equity,"3,000,000.00"
1025,16/02/2017,2017,YourStory,Consumer Internet,Online Media,Bangalore,"Kalaari Capital Partners, Qualcomm, 3ONE4 Capital Advisors, UC-RNT",Private Equity,"3,000,000.00"
1026,17/02/2017,2017,Imaginate,Technology,AR & VR platform,Hyderabad,SRI Capital,Seed Funding,"500,000.00"
1027,17/02/2017,2017,The Ken,Consumer Internet,Online Media Platform,Bangalore,"Aprameya Radhakrishna, Deepak Natraj, Girish Mathrubootham, Mahesh Murthy, Pallav Nadhani, Pavan Ongole, Sandeep Mathur, Vijay Shekhar Sharma & Others",Seed Funding,"400,000.00"
1028,17/02/2017,2017,Urban Ladder,ECommerce,Online Furniture Store,Bangalore,"Kalaari Capital, SAIF Partners, Steadview Capital, Sequoia Capital",Private Equity,"15,200,000.00"
1031,17/02/2017,2017,Leopetra,eCommerce,Solution provider for pet needs,Mumbai,Facebook FBStart,Seed Funding,"40,000.00"
1032,18/02/2017,2017,Blood n Care,Consumer Internet,First Aid care app,Gurgaon,Facebook FBStart,Seed Funding,"40,000.00"
1033,20/02/2017,2017,Flipkart,eCommerce,Online Marketplace,Bangalore,"Bennett, Coleman and Co. Ltd (BCCL)",Private Equity,"38,700,000.00"
1034,21/02/2017,2017,True Balance,Consumer Internet,Mobile balance Checking App,Gurgaon,"Softbank Ventures Korea, IMM Investment",Private Equity,"15,000,000.00"
1035,22/02/2017,2017,Vebbler,Consumer Internet,Photo Sharing for Groups,Bangalore,Facebook FBStart,Seed Funding,"40,000.00"
1036,23/02/2017,2017,Get My Parking,Consumer Internet,Smart Parking Platform,New Delhi,"Indian Angel Network (IAN), BEENEXT, The Chennai Angels, Sunil Munjal",Private Equity,"1,100,000.00"
1040,27/02/2017,2017,Biryani By Kilo,Consumer Internet,Online Food Ordering & Delivery Portal,Gurgaon,"Chandigarh Angels, Ashish Gupta, Rohit, Ashish Chand, Sunil Singh & Others",Seed Funding,"375,000.00"
1041,27/02/2017,2017,Johari Shop,ECommerce,Online Jewellery etailer,Bangalore,Undisclosed Investors,Seed Funding,"94,000.00"
1042,28/02/2017,2017,NeoStencil,Consumer Internet,Live Online Coaching Classes,New Delhi,"Brand Capital, Paragon Trust",Private Equity,"1,000,000.00"
1043,28/02/2017,2017,Blackbuck,Logistics,Online freight aggregator,Bangalore,"Sands Capital, IFC, Accel Partners, Flipkart, Sanjiv Rangrass",Private Equity,"70,000,000.00"
1044,02/01/2017,2017,TaxSutra,Consumer Internet,Online Tax Filing platform,Pune,"TV Mohandas Pai, V Balakrishnan, PV Srinivasan",Seed Funding,"366,000.00"
1045,03/01/2017,2017,TempoGo,Technology,IoT & SAAS Solutions for Transportation Industry,Panaji,K2 Capital,Seed Funding,"825,000.00"
1051,06/01/2017,2017,Leap India,Logistics,Supply Chain Solutions Provider,Mumbai,"India Nivesh Growth Fund, Sixth Sense, TCI Ventures",Private Equity,"13,000,000.00"
1052,07/01/2017,2017,FreeCharge,Consumer Internet,Mobile Wallet,Mumbai,Jasper Infotech Pvt Ltd,Private Equity,"57,000,000.00"
1053,09/01/2017,2017,TicketNew,Consumer Internet,Movie Ticket Booking platform,Chennai,Alibaba Pictures,Private Equity,"35,000,000.00"
1054,10/01/2017,2017,Intelligence Node,Technology,SAAS Based Retail Analytics Solutions,Mumbai,BlackSoil Capital Pvt Ltd,Private Equity,"800,000.00"
1055,10/01/2017,2017,Securens,Technology,e-surveillance services provider,Mumbai,"Mayfield India, Trifecta Capital",Private Equity,"5,000,000.00"
1056,10/01/2017,2017,Loan Frame,Consumer Internet,Small Business Loans Marketplace platform,Gurgaon,"Vedanta Capital, William Campbell, Toos N Daruvala",Private Equity,"2,250,000.00"
1058,10/01/2017,2017,Medinfi,Consumer Internet,Doctor & Clinic Discovery portal,Bangalore,"Vinod Martin, Evan Lim, Kanchan Ghoshal, Ram Kumar Kakani",Seed Funding,"100,000.00"
1059,10/01/2017,2017,LensKart,eCommerce,Online eyewear retailer,Bangalore,Ronnie Screwvala,Private Equity,"3,500,000.00"
1061,12/01/2017,2017,Hansel.io,Consumer Internet,Real-time Mobile App Management Platform,Bangalore,"IDG Ventures, Endiya Partners",Private Equity,"1,350,000.00"
1062,12/01/2017,2017,Square Yards,Consumer Internet,Property Search Aggregator platform,Gurgaon,"Lohia Group, Andre Hoffman",Private Equity,"10,000,000.00"
1063,13/01/2017,2017,Roambee,Technology,IoT smart Logistics and Asset Management Company,Mumbai,Deutsche Telekom Strategic Investments & Others,Private Equity,"4,100,000.00"
1065,13/01/2017,2017,iService,Consumer Internet,Gadgets Repair & Service Booking platform,Bangalore,"Blume Ventures, Girish Mathrubootham, Aprameya Radhakrishna",Seed Funding,"440,000.00"
1066,14/01/2017,2017,Unacademy,Consumer Internet,Online learning platform,Bangalore,"Nexus Venture Partners, Blume Ventures",Private Equity,"4,500,000.00"
1069,16/01/2017,2017,ZoloStays,Consumer Internet,Branded PG Accomodation booking platform,Bangalore,"Nexus Venture Partners, Innoven Capital",Private Equity,"5,000,000.00"
1071,16/01/2017,2017,HipCouch,Consumer Internet,Custom & Modular Furniture platform,Mumbai,Undisclosed Investors,Seed Funding,"700,000.00"
1072,17/01/2017,2017,Curiositi,Consumer Internet,Online Learning Platform,Bangalore,"Menterra Social Impact Fund, Unitus Seed Fund",Private Equity,"800,000.00"
1073,17/01/2017,2017,TinyStep,Consumer Internet,Parenting Info & Social Network,Bangalore,Flipkart,Private Equity,"2,000,000.00"
1074,17/01/2017,2017,Practo,Consumer Internet,Online Healthcare platform,Bangalore,"Tencent,\\xc2\\xa0 ru-Net, RSI Fund, Thrive Capital",Private Equity,"55,000,000.00"
1075,17/01/2017,2017,Ketchupp,Consumer Internet,Food Discovery Platform,New Delhi,India Quotient and others,Seed Funding,"441,000.00"
1076,17/01/2017,2017,Hoopy,Consumer Internet,Online Car Service Platform,Gwalior,undisclosed investors,Seed Funding,"500,000.00"
1077,17/01/2017,2017,Ezytruk,Consumer Internet,Logistics and truck aggregator platform,Bangalore,"Ajith Nair, Anish K",Seed Funding,"147,000.00"
1080,18/01/2017,2017,Vahdam Teas,eCommerce,Online Tea etailer,New Delhi,"Mumbai Angels Network, Fireside Ventures, Singapore Angel Network",Seed Funding,"650,000.00"
1081,18/01/2017,2017,Qwikspec,Technology,Cloud-based construction,Bangalore,Undisclosed Investors,Seed Funding,"300,000.00"
1083,19/01/2017,2017,Weddingz.in,Consumer Internet,Online Marketplace for Wedding Venues and vendors,Mumbai,Singularity Ventures,Private Equity,"1,000,000.00"
1090,22/01/2017,2017,MessaGif,Consumer Internet,social messaging platform,New Delhi,Undisclosed investor,Seed Funding,"50,000.00"
1093,23/01/2017,2017,CueMath,Technology,Maths Learning program,New Delhi,"CapitalG, Sequoia India",Private Equity,"15,000,000.00"
1096,24/01/2017,2017,Khel Now,Consumer Internet,Mobile-based Social Platform for Sports,Bangalore,Indochine International,Private Equity,"500,000.00"
1097,24/01/2017,2017,NowFloats,Consumer Internet,Platform to take businesses online,Hyderabad,"Iron Pillar and IIFL, Blume Ventures, Omidyar Network",Private Equity,"10,000,000.00"
1098,24/01/2017,2017,Lets Transport,Consumer Internet,Online transport vehicle booking platform,Bangalore,"GMO Japan, Neelesh Bhatnagar",Private Equity,"4,000,000.00"
1101,25/01/2017,2017,RML Agtech,Technology,Agri Decision Support Solution for farmers,Pune,IvyCap Ventures,Private Equity,"4,000,000.00"
1103,25/01/2017,2017,InstaSafe,Technology,Security-as-a-Service solution provider,Bangalore,ABM Knowledgeware,Private Equity,"2,200,000.00"
1104,25/01/2017,2017,Infibeam,eCommerce,eCommerce Marketplace,Ahmedabad,"Bennett, Coleman and Company Ltd",Private Equity,"8,800,000.00"
1106,26/01/2017,2017,AirMed Labs,Consumer Internet,Health Tests Booking platform & ePharmacy,Ahmedabad,Brand Capital,Private Equity,"1,400,000.00"
1107,26/01/2017,2017,99PerHour,Consumer Internet,Hyper-local Handyman Service provider,Chennai,V Aanand R,Seed Funding,"300,000.00"
1109,30/01/2017,2017,Intuit Things,Technology,IoT solutions for home automation applications,Mumbai,Sanjay Mehta & Others ( The Ten Minute Million),Seed Funding,"106,000.00"
1110,30/01/2017,2017,Cloudrino,Technology,Cloud based Virtual Servers,New Delhi,The Ten Minute Million,Seed Funding,"22,500.00"
1111,30/01/2017,2017,FabX,eCommerce,Used Furniture Marketplace,Mumbai,The Ten Minute Million,Seed Funding,"68,000.00"
1112,30/01/2017,2017,Maptags,Consumer Internet,Smart Online address tags,Bangalore,The Ten Minute Million,Seed Funding,"18,000.00"
1114,31/01/2017,2017,Heads Up For Tails,eCommerce,Online Pet Products Store,New Delhi,Undisclosed Investors,Private Equity,"2,000,000.00"
1116,01/12/2016,2016,SidQam,Technology,Healthcare Software System,Noida,"SQue Capital, Grace Capital Ventures, Soham Vencaps",Private Equity,"1,200,000.00"
1117,01/12/2016,2016,India Lends,Consumer Internet,Online Instant personal Loan provider,New Delhi,"DSG Consumer Partners, American Express Ventures, Cyber Carrier VC, AdvantEdge Partners",Private Equity,"4,000,000.00"
1118,01/12/2016,2016,Slide App,Consumer Internet,Lock screen Rewards mobile app,New Delhi,Songhyun Investment,Private Equity,"3,600,000.00"
1119,02/12/2016,2016,Badiyajobs,Consumer Internet,Entry-Level job Seekers platform,New Delhi,Undisclosed,Seed Funding,"100,000.00"
1121,02/12/2016,2016,TYGR,Technology,Transport and logistics mobile App,Mumbai,Franchise India,Private Equity,"3,000,000.00"
1123,05/12/2016,2016,UrDoorStep,eCommerce,Online Grocery Store,Bangalore,Lakshmi Vilas Bank & undisclosed HNIs,Private Equity,"1,400,000.00"
1125,06/12/2016,2016,Diro Labs,Consumer Internet,Mobile Contacts Management app,New Delhi,Info Edge (India),Seed Funding,"147,000.00"
1131,07/12/2016,2016,Revv,Consumer Internet,Self-Driven Car Services booking portal,New Delhi,Edelweiss Private Equity,Private Equity,"9,000,000.00"
1132,07/12/2016,2016,WealthApp,Consumer Internet,Online Investment Advisory platform,Bangalore,"Venk Krishnan, MJ Aravind, Vikram Kotak, Jayant Davar,\\xc2\\xa0 Ramkumar Nishtal, Arjun Sharmaa",Seed Funding,"440,000.00"
1134,08/12/2016,2016,Zest Money,Consumer Internet,Online Consumer Lending platform,Mumbai,PayU,Private Equity,"6,500,000.00"
1135,08/12/2016,2016,GoMechanic,Consumer Internet,Online Car servicing Booking platform,Gurgaon,Venture Catalysts,Seed Funding,"250,000.00"
1136,09/12/2016,2016,Stalk Buy Love,eCommerce,Fashion Apparel eTailer,New Delhi,Kalaari Capital,Private Equity,"6,000,000.00"
1138,09/12/2016,2016,Wittyparot,Technology,Content Management & Productivity platform,Bangalore,Mumbai Angels,Seed Funding,"450,000.00"
1139,09/12/2016,2016,NeuroEquilibrium,Technology,Health-Tech platform,Jaipur,Unicorn India Ventures,Seed Funding,"250,000.00"
1140,12/12/2016,2016,Xseed Education,Technology,Education & learning Tech platform,Bangalore,Verlinvest SA,Private Equity,"10,000,000.00"
1141,12/12/2016,2016,Rupaiya Exchange,Consumer Internet,P2P Lending platform,New Delhi,Undisclosed Investors,Seed Funding,"200,000.00"
1142,12/12/2016,2016,Doctor Insta,Consumer Internet,Online Doctor Consulting platform,Gurgaon,RoundGlass Partners,Private Equity,"2,000,000.00"
1144,12/12/2016,2016,Fresh Food Concepts,Food & Beverage,Cold Press Juice manufacturer & seller,New Delhi,"Siddhartha Gupta, Ashvin Chadha",Seed Funding,"2,000,000.00"
1145,13/12/2016,2016,Indifi,Consumer Internet,Online lending platform,Gurgaon,Omidyar Network,Private Equity,"10,000,000.00"
1147,13/12/2016,2016,OfBusiness,eCommerce,Online business-to-business (B2B) marketplace,Gurgaon,"Zodius Technology Opportunities Fund, Matrix Partners",Private Equity,"11,100,000.00"
1149,14/12/2016,2016,Qacco,Consumer Internet,Hotel Booking platform,Gurgaon,"Lead Angels Network, Anbu Pandian, Prabhakar MR & Others",Seed Funding,"150,000.00"
1150,14/12/2016,2016,Fitpass,Consumer Internet,Fitness center aggregator & Booking mobile app,New Delhi,Mumbai Angels,Seed Funding,"1,000,000.00"
1153,14/12/2016,2016,Trading Bells,Consumer Internet,Online Share & Commodity Broking platform,Indore,Swastika Investmart Ltd,Seed Funding,"297,000.00"
1154,15/12/2016,2016,SERV\\xe2\\x80\\x99D,Consumer Internet,Ficial Services For Unorganized Workforce,Pune,Digital Financial Service Lab,Seed Funding,"100,000.00"
1155,15/12/2016,2016,IdeaForge,Technology,Drone Manufacturing,Mumbai,"WRV Capital and IndusAge Partners, Infosys Innovation Fund",Private Equity,"10,000,000.00"
1156,15/12/2016,2016,Amagi Media Labs,Technology,Media Technology Solutions,Mumbai,"Emerald Media, Premji Invest",Private Equity,"35,000,000.00"
1157,15/12/2016,2016,Pocket Aces,Technology,Digital Entertainment Company,Mumbai,"Sequoia Capital India, North Base Media, Aarin Capital, 3one4 Capital, Axilor Ventures, Kunal Shah, Sandeep Tandon",Private Equity,"3,000,000.00"
1158,16/12/2016,2016,Pi Data Centers,Technology,Cloud Data Center Solutions provider,Hyderabad,Epsilon Venture Partners,Private Equity,"23,000,000.00"
1159,16/12/2016,2016,TripShelf,Consumer Internet,Holiday Packages provider,New Delhi,"GEMS Advisory, Quarizon",Seed Funding,"123,000.00"
1161,19/12/2016,2016,NoBroker,Consumer Internet,Rental property search portal,Bangalore,"KTB Network, SAIF Partners, BEENEXT, Digital Garage",Private Equity,"7,400,000.00"
1162,20/12/2016,2016,VivoCarat,eCommerce,Online jewellery marketplace,Mumbai,Undisclosed Investors,Seed Funding,"50,000.00"
1165,20/12/2016,2016,BYJU\\xe2\\x80\\x99s,Consumer Internet,Online Learning platform,Bangalore,International Financial Corporation,Private Equity,"15,000,000.00"
1167,21/12/2016,2016,The BlueBook,Consumer Internet,online to offline marketing platform,Bangalore,"Indian Angel Network, Let\\xe2\\x80\\x99s Venture",Seed Funding,"500,000.00"
1169,21/12/2016,2016,Vegetall,eCommerce,Online Vegetable eTailer,Chennai,The Chennai Angels,Seed Funding,"162,000.00"
1171,22/12/2016,2016,Mindler,Consumer Internet,Career Planning & Assessment platform,New Delhi,Taxmann,Seed Funding,"324,000.00"
1172,22/12/2016,2016,MCaffeine,eCommerce,Personal care product etailer,Bangalore,"Kaushal Agarwal, Harminder Sahani, KK Mehra, Pranay Jivrajka, Navjot Saini",Seed Funding,"300,000.00"
1173,23/12/2016,2016,enKast,Technology,Cloud based CRM for Agencies,Bangalore,Ivy League Alumni Angel Network,Private Equity,"2,000,000.00"
1180,26/12/2016,2016,Dekkho,Consumer Internet,Video Streaming platform,Mumbai,undisclosed investors,Seed Funding,"1,200,000.00"
1181,26/12/2016,2016,Shadowfox,Logistics,On-Demand Delivery Service,Gurgaon,Eight Roads Ventures,Private Equity,"10,000,000.00"
1182,27/12/2016,2016,ShopX,eCommerce,SAAS ECommerce Retail app,Bangalore,Nandan Nilekani,Private Equity,"5,000,000.00"
1184,29/12/2016,2016,Healthifyme,Consumer Internet,Fitness Mobile App,Bangalore,NB Ventures,Private Equity,"1,000,000.00"
1188,01/11/2016,2016,PickMyLaundry,Consumer Internet,On-Demand Washing & Dry Cleaning Services,New Delhi,"Kedar Lele, GHV Accelerator",Seed Funding,"200,000.00"
1189,02/11/2016,2016,FreshDesk,Consumer Internet,SAAS Based HelpDesk Services,Chennai,"Sequoia Capital India, Accel Partners",Private Equity,"55,000,000.00"
1190,02/11/2016,2016,LaundryAnna,Consumer Internet,On-Demand Washing & Dry Cleaning Services,Bangalore,Undisclosed Investors,Seed Funding,"150,000.00"
1193,03/11/2016,2016,Zarget,Technology,SaaS-based web optimisation and marketing platform,Chennai,Sequoia India,Private Equity,"6,000,000.00"
1195,03/11/2016,2016,EasyPolicy,Consumer Internet,Online insurance Portal,Noida,"Unilazer Ventures,",Private Equity,"10,000,000.00"
1197,04/11/2016,2016,Connect India,Logistics,Last mile Delivery Network,Bangalore,Aavishkaar Venture Management,Private Equity,"1,000,000.00"
1198,04/11/2016,2016,Corseco,Technology,AI-based Software as a Service Solution provider,New Delhi,"Ameera Shah, Vivek Bhargava",Seed Funding,"150,000.00"
1201,05/11/2016,2016,Medzin,eCommerce,Online ordering & Delivery of medicines,New Delhi,A M Sikander,Seed Funding,"45,000.00"
1202,05/11/2016,2016,Bizongo,eCommerce,Packaging Material Marketplace,Mumbai,"IDG Ventures, Accel Partners",Private Equity,"3,000,000.00"
1203,07/11/2016,2016,Rivigo,Technology,Technology based Logistics platform,Gurgaon,Warburg Pincus,Private Equity,"75,000,000.00"
1204,07/11/2016,2016,JustRide,Consumer Internet,Online Car Sharing platform,Mumbai,"Justin Kan, Qasar Younis, Paul Bucche, Susa Ventures, Kima Ventures, Axan Venture, SCM Holdings",Private Equity,"3,000,000.00"
1205,09/11/2016,2016,IIM Jobs,Consumer Internet,Online Job Portal,New Delhi,India Quotient,Private Equity,"2,000,000.00"
1206,09/11/2016,2016,Square Yards,Consumer Internet,Online Property Search Portal,Gurgaon,ADAG Reliance Private Equity,Private Equity,"12,000,000.00"
1207,10/11/2016,2016,GolfLAN,Consumer Internet,Golf Session Online Bookings platform,New Delhi,"YourNest Angel Fund, iSON",Private Equity,"1,000,000.00"
1211,14/11/2016,2016,Active.ai,Technology,Banking & Fintech Platform,Singapore,"Kalaari Capital, IDG Ventures India",Private Equity,"3,000,000.00"
1212,14/11/2016,2016,ElasticRun,Technology,Tech driven Logistic & distribution platform,Pune,"Kalaari Capital, Norwest Venture Partners",Private Equity,"2,000,000.00"
1214,15/11/2016,2016,Zefo,eCommerce,Used Furniture & Appliances Marketplace,Bangalore,"Sequoia India, BEENEXT, Helion Ventures",Private Equity,"6,000,000.00"
1215,15/11/2016,2016,PlaySimple,Technology,Mobile Gaming portal,Bangalore,"SAIF Partners, IDG Ventures India",Private Equity,"4,000,000.00"
1216,16/11/2016,2016,Stasis Labs,Technology,Cloud based\\xc2\\xa0 health monitoring platform,Bangalore,"RTP-HC, Wonder Ventures, Techstars Ventures & Others",Private Equity,"5,000,000.00"
1218,17/11/2016,2016,Koovs,eCommerce,Fashion eTailer,New Delhi,Times of India Group & Existing investors,Private Equity,"13,500,000.00"
1221,17/11/2016,2016,Pictor Imaging,Consumer Internet,Product Photography Mobile App,Mumbai,Quarizon,Seed Funding,"147,000.00"
1222,18/11/2016,2016,GramCover,Fice,Insurance Marketplace for the Rural Sector,New Delhi,Omnivore Capital,Seed Funding,"1,000,000.00"
1225,21/11/2016,2016,Bats on delivery,Consumer Internet,"Online food, Grocery ordering & Delivery",Gurgaon,Devdeep Singh,Seed Funding,"90,000.00"
1226,21/11/2016,2016,numberz.in,Technology,Cash Flow Management Solution for Businesses,Gurgaon,"Kae Capital, Khosla Impact",Seed Funding,"650,000.00"
1227,22/11/2016,2016,Housing.com,Consumer Internet,Real Estate Portal,Mumbai,Softbank Group,Private Equity,"5,000,000.00"
1228,22/11/2016,2016,Awesummly,Consumer Internet,Short News Mobile App,Bangalore,"Vivek Bhargava, Ameera Shah",Seed Funding,"147,000.00"
1230,22/11/2016,2016,Vymo,Technology,SaaS-based predictive analytics platform,Bangalore,Sequoia India,Private Equity,"5,000,000.00"
1232,22/11/2016,2016,Noddapp,Consumer Internet,App based networking platform,Mumbai,Undisclosed multiple investors,Seed Funding,"147,000.00"
1233,23/11/2016,2016,Knowlarity,Consumer Internet,Cloud Telephony Platform,Bangalore,"Delta Partners, Sequoia India,\\xc2\\xa0 Mayfield, Blacksoil, Trifecta Capital",Private Equity,"20,000,000.00"
1234,23/11/2016,2016,Infisecure,Technology,Bot Protection Solutions,Mumbai,"IDG Ventures, Axilor Ventures",Seed Funding,"600,000.00"
1235,23/11/2016,2016,Udaan,eCommerce,B2B Marketplace,Bangalore,"Lightspeed Venture Partners India, Lightspeed US",Private Equity,"10,000,000.00"
1238,24/11/2016,2016,ShareChat,Consumer Internet,Local Language Social Networking Platform,Mumbai,"Lightspeed India Partners, SAIF Partners, India Quotient, Venture Highway",Private Equity,"4,000,000.00"
1245,28/11/2016,2016,Kloseby,Consumer Internet,proximity based\\xc2\\xa0 Rewards platform,Bangalore,Undisclosed Investor,Seed Funding,"100,000.00"
1246,28/11/2016,2016,WholeSaleBox,eCommerce,B2B Wholesale Apparel Marketplace,Jaipur,"Manish Maheshwari, Contrarian Vriddhi Fund",Private Equity,"2,000,000.00"
1248,29/11/2016,2016,Affordplan,Consumer Internet,Savings platform for Medical Expenses,New Delhi,"Prime Venture Partners, Kalaari Capital",Private Equity,"3,000,000.00"
1249,30/11/2016,2016,HandyTrain,Consumer Internet,Mobile App for SAAS based Training,Goa,"Silver Range Investments, Lumina Datamatics, Shun Yoshida & Others",Private Equity,"1,000,000.00"
1250,30/11/2016,2016,ShopsUp,eCommerce,Hyperlocal Shopping App,Bangalore,"Anand Sankeshwar, Yang Shu",Seed Funding,"963,000.00"
1251,30/11/2016,2016,Indofash,eCommerce,Ethnic Indian Fashion Marketplace,Bangalore,"Shekhar Sahu, Nitesh Pant",Seed Funding,"150,000.00"
1252,30/11/2016,2016,Entropika,Technology,"AI, Machine learning Solutions",Bangalore,"Dileep Bhatt, Milind Chaudhary",Seed Funding,"200,000.00"
1253,30/11/2016,2016,MarianaIQ,Technology,AI-driven B2B marketing platform,Bangalore,Exfinity Venture Partners,Private Equity,"2,000,000.00"
1254,30/11/2016,2016,Chai Thela,Food & Beverage,Quick Service Restaurants,Noida,Quarizon,Seed Funding,"218,000.00"
1255,30/11/2016,2016,Interviewpad,Technology,Engineering Interview facilitation platform,Pune,Krishna Rokhale,Seed Funding,"100,000.00"
1256,30/11/2016,2016,Math Buddy,Consumer Internet,Online Math Learn,Vadodara,Menterra Social Impact Fund,Seed Funding,"440,000.00"
1257,30/11/2016,2016,Pulse,Consumer Internet,Campus Social Networking App,Bangalore,SAIF Partners,Private Equity,"500,000.00"
1259,30/11/2016,2016,Carcrew.in,Consumer Internet,Online Car repair Marketplace,Mumbai,TVS Group,Seed Funding,"500,000.00"
1261,03/10/2016,2016,Mystifly,Consumer Internet,Airline Ticket Aggregator,Bangalore,Recruit Holdings,Private Equity,"5,000,000.00"
1263,03/10/2016,2016,Uniphore,Technology,Speech Recognition Solutions,Chennai,"IDG Ventures, Indian Angel Network (IAN), YourNest Angel Fund",Private Equity,"2,000,000.00"
1264,03/10/2016,2016,World Art Community,eCommerce,Art & Craft Marketplace,Gurgaon,Viraj Tyagi & Others,Seed Funding,"200,000.00"
1265,04/10/2016,2016,Giftxoxo,eCommerce,Online Gifting platform,Bangalore,Mahindra Holidays & Resorts India Ltd,Private Equity,"450,000.00"
1268,04/10/2016,2016,India Gifts Portal,eCommerce,Online Gifting platform,Noida,"Naveen Arya, Tarun Joshi",Private Equity,"2,000,000.00"
1269,04/10/2016,2016,Moglix,eCommerce,Industrial & Home products marketplace,Noida,"Accel Partners, Jungle Ventures, SeedPlus",Private Equity,"4,200,000.00"
1270,04/10/2016,2016,NetLinx,Consumer Internet,Internet Service Provider,Hyderabad,"Xchange Investors NV, TransGlobal FZC",Private Equity,"3,000,000.00"
1272,04/10/2016,2016,Remitr,Consumer Internet,Foreign Currency Payments Platform,Mumbai,"Vijay Shekhar Sharma, Pravin Gandhi,\\xc2\\xa0 Smart Start Fund; Kunal Shah,\\xc2\\xa0 Sandeep Tandon, Vishal Gondal, & Others",Seed Funding,"1,000,000.00"
1273,04/10/2016,2016,InnerChef,Consumer Internet,Online food ordering platform,Gurgaon,"Mistletoe, M&S Partners",Private Equity,"2,500,000.00"
1274,04/10/2016,2016,AppsDaily,Consumer Internet,"Mobile Phone Theft, Damage Protection platform",Mumbai,"Zodius Capital, Kalaari Capital, Qualcomm Ventures, Russian venture capital fund Ru-Net, Mumbai Angels",Private Equity,"3,750,000.00"
1278,05/10/2016,2016,UE LifeSciences,Technology,Mobile Health Technology Solutions,Mumbai,"Kiran Mazumdar-Shaw, Unitus Seed Fund",Private Equity,"1,200,000.00"
1280,06/10/2016,2016,RealBox,Technology,Data Sciences Platform,Noida,Hyderabad Angels,Seed Funding,"300,000.00"
1282,06/10/2016,2016,GoZefo,eCommerce,Used Furniture & Appliances Marketplace,Bangalore,"Helion Venture Partners, BeeNext",Private Equity,"1,050,000.00"
1283,07/10/2016,2016,RayIOT,Technology,Baby Monitoring Devices manufacturer,Bangalore,HAX Accelerator,Seed Funding,"100,000.00"
1284,07/10/2016,2016,KOOH Sports,Technology,Sports Training & Technology,Mumbai,"HDFC, Faering Capital, Elevate Sports",Private Equity,"2,200,000.00"
1285,07/10/2016,2016,Flexiloans,Consumer Internet,Online Funds Raising Platform,Mumbai,"Sanjay Nayar, Vikram Sud, Anil Jaggia, Narayan Seshadri",Private Equity,"15,000,000.00"
1287,10/10/2016,2016,Vithi.com,eCommerce,Online Hair Extension etailer,New Delhi,undisclosed investor,Seed Funding,"375,000.00"
1288,11/10/2016,2016,Yupp TV,Consumer Internet,Internet-based TV streaming service provider,Bangalore,Emerald Media,Private Equity,"50,000,000.00"
1289,11/10/2016,2016,Deyor Camps,Consumer Internet,Branded Camping location Aggregator,Gurgaon,"Nitin Passi, Manickam Mahalingam, Udaan Angels, Rajesh Arora, Arkas Industries",Seed Funding,"500,000.00"
1291,13/10/2016,2016,FabAlley,ecommerce,online fashion brand store,Noida,"India Quotient, FAO Ventures, Indian Angel Network, Tushar Singh, Ranjan Sharma",Private Equity,"2,000,000.00"
1294,13/10/2016,2016,RoboVac,Technology,waterless car washing solution,Ahmedabad,Virendra Patel,Seed Funding,"450,000.00"
1295,14/10/2016,2016,Newspatrolling,Consumer Internet,Online News portal,New Delhi,Undisclosed,Seed Funding,"25,000.00"
1296,14/10/2016,2016,Postman,Consumer Internet,API Platform,Bangalore,Nexus Venture Partners,Private Equity,"7,000,000.00"
1297,14/10/2016,2016,ISFC,Fice,Education Sector Lending,Hyderabad,Gray Matters Capital,Private Equity,"6,000,000.00"
1301,15/10/2016,2016,DailyHunt,Consumer Internet,Vernacular content mobile app,Bangalore,"ByteDance, Arun Sarin, Matrix Partners, Sequoia Capital India, Omidyar Network,\\xc2\\xa0 Falcon Edge",Private Equity,"25,000,000.00"
1302,15/10/2016,2016,Tazzo Bikes,Consumer Internet,Motorbike rental platform,Hyderabad,DSG Consumer Partners,Seed Funding,"227,000.00"
1303,15/10/2016,2016,MyKindofJob,Consumer Internet,Internet & Fresher Job platform,Mumbai,"Mayank Shah, Shreyans Shah",Seed Funding,"1,000,000.00"
1306,17/10/2016,2016,Yumigo,Consumer Internet,App based Travel Discovery and Transactions platform,Gurgaon,Hemant Sahni,Seed Funding,"300,000.00"
1307,17/10/2016,2016,Rentalpha,Others,equipment rental and leasing company,Mumbai,Bravia Capital,Private Equity,"16,000,000.00"
1308,18/10/2016,2016,3Dexter,Technology,3D Printing Solutions for Edu space,New Delhi,Newbie Promoters,Seed Funding,"150,000.00"
1311,18/10/2016,2016,MySUN,Technology,Solar Energy harnessing products marketplace,Noida,General Catalyst Partners,Private Equity,"2,500,000.00"
1313,19/10/2016,2016,Furlenco,Consumer Internet,Online Furniture Rental platform,Bangalore,"Lightbox Ventures, Axis Capital & Others",Private Equity,"30,000,000.00"
1314,19/10/2016,2016,Fisdom,Consumer Internet,Personal Wealth Management Platform & App,Bangalore,"Saama Capital, Raghunandan G, Aprameya Radhakrishna",Private Equity,"1,100,000.00"
1315,19/10/2016,2016,Actofit,Technology,Wearable Technology platform & devices,Mumbai,Next Orbit Ventures Fund,Private Equity,"750,000.00"
1319,21/10/2016,2016,ChatOnGo,Consumer Internet,Hyperlocal\\xc2\\xa0 Communication Mobile app,Mumbai,Janak Jain,Seed Funding,"300,000.00"
1321,24/10/2016,2016,Healthians,Consumer Internet,Health Test Discovery & Ordering service,Gurgaon,BEENEXT,Private Equity,"3,000,000.00"
1322,24/10/2016,2016,Box8,Consumer Internet,Online Food Ordering platform/App,Mumbai,"IIFL Seed Ventures Fund, Mayfield Ventures",Private Equity,"7,500,000.00"
1323,25/10/2016,2016,Kredx,eCommerce,Invoice discounting marketplace,Bangalore,Sequoia Capital,Private Equity,"6,000,000.00"
1324,25/10/2016,2016,CreditMate,Consumer Internet,Credit Report Info platform,Mumbai,India Quotient,Seed Funding,"500,000.00"
1327,25/10/2016,2016,SooperMO,Technology,Android utility app suite creator,Gurgaon,Lalit Vase,Seed Funding,"100,000.00"
1328,26/10/2016,2016,OrangeTwig,Consumer Internet,Social Media Marketing platform,New Delhi,Undisclosed investor,Seed Funding,"1,000,000.00"
1330,26/10/2016,2016,The Kettlery,eCommerce,Online Tea Etailer,Ahmedabad,"hooting Starts Sports LLP, Franchise India Brands",Private Equity,"1,000,000.00"
1331,27/10/2016,2016,Idea Bubbles,Consumer Internet,Doctor Consulting platform,Bangalore,"1Crowd, Eureka Forbes Ltd, Shapoorji Pallonji & Co. Ltd.",Private Equity,"700,000.00"
1332,27/10/2016,2016,FR8,Technology,Truck Fleet Operation platform,Chennai,Omnivore Partners,Private Equity,"971,000.00"
1333,27/10/2016,2016,Ather Energy,Technology,Electric Vehicle Manufacturer,Bangalore,Hero MotoCorp,Private Equity,"27,000,000.00"
1335,29/10/2016,2016,Velmenni,Technology,LiFi based wireless communication provider,New Delhi,Kalaari Capital,Seed Funding,"100,000.00"
1336,29/10/2016,2016,Volta Motors,Technology,Electric Bike Manufacturer,Chennai,Kalaari Capital,Seed Funding,"100,000.00"
1337,29/10/2016,2016,Cyclops,Technology,Clinical and Wearable Diagnostic Product creator,Bangalore,Kalaari Capital,Seed Funding,"100,000.00"
1338,30/10/2016,2016,Impact Analytics,Technology,Business intelligence and data science Startup,Bangalore,"Aarin Capital, Michael Herzig, Ashish Lakhanpal",Private Equity,"750,000.00"
1339,31/10/2016,2016,Talent Next,Consumer Internet,Talent Discovery & Audition management platform,Mumbai,Karanpal Singh & Others,Seed Funding,"1,000,000.00"
1341,01/09/2016,2016,Mihup,Technology,Personal Digital Assistant,Kolkata,Accel Partners,Private Equity,"6,700,000.00"
1347,06/09/2016,2016,eShakti,eCommerce,Women\xe2\x80\x99s Fashion Apparel eTailer,Chennai,"Infina Finance Pvt. Ltd, Uday Kotak",Private Equity,"1,350,000.00"
1348,06/09/2016,2016,CheersOye!,Consumer Internet,Online Gift Vouchers platform,Mumbai,Undisclosed Investors,Seed Funding,"500,000.00"
1350,06/09/2016,2016,BigStylist,Consumer Internet,Hyperlocal doorstep Beauty Services provider,Mumbai,Info Edge (India) Ltd,Private Equity,"900,000.00"
1351,07/09/2016,2016,Zilingo,eCommerce,Online Fashion Retailer,Bangalore/ Bangkok,"Venturra Capital, Sequoia India, Susquehanna International Group.\\xc2\\xa0 Wavemaker Partners, Beenext, Beenos, Digital Garage",Private Equity,"8,000,000.00"
1352,07/09/2016,2016,Alternacare,Consumer Internet,Online Doctor Consulting platform,New Delhi,Eros Labs,Seed Funding,"500,000.00"
1353,07/09/2016,2016,Simplilearn,Education,Online Certification programs,Bangalore,InnoVen Capital India,Private Equity,"6,000,000.00"
1354,07/09/2016,2016,Prozo,eCommerce,Study Material Marketplace,Gurgaon,"Earlsfield Capital, Sailender Solanki, Rajiv Solanki",Seed Funding,"315,000.00"
1355,08/09/2016,2016,TopRankers,Education,Online Test Preparation platform,Bangalore,"CareerNet Consulting Pvt. Ltd, Ideation Initiative Pvt. Ltd,",Seed Funding,"670,000.00"
1356,08/09/2016,2016,BuildTraders,eCommerce,Online Construction Materials Marketplace,Bangalore,Idein Ventures,Seed Funding,"200,000.00"
1357,09/09/2016,2016,Byju\\xe2\\x80\\x99s,Education,Online Learning App,Bangalore,"Chan Zuckerberg Initiative, Times Internet Ltd, Sequoia Capital, Sofina, Lightspeed Ventures",Private Equity,"50,000,000.00"
1360,10/09/2016,2016,CureInstant,Consumer Internet,Social Health Networking Platform,New Delhi,Dr. Rameshwar Kumar,Seed Funding,"150,000.00"
1361,10/09/2016,2016,Poshtic,Consumer Internet,Online health & Wellness platform,Noida,"havya Sharma, Amit Nagar",Seed Funding,"450,000.00"
1363,12/09/2016,2016,Purple Style Labs,Consumer Internet,Personal Styling Online platform,Mumbai,"Augment Ventures, Rahul Kayan, Nikhil Golcha, Shubham Gupta, Roy Kwan",Seed Funding,"448,000.00"
1364,12/09/2016,2016,Inuxu,Technology,Online Advertising Solutions,Pune,Fork Media,Private Equity,"3,000,000.00"
1365,12/09/2016,2016,Nykaa,eCommerce,Online Beauty products eTailer,Mumbai,"Sunil Munjal, Mariwala family",Private Equity,"12,300,000.00"
1366,12/09/2016,2016,Glam Studios,Consumer Internet,Beauty Salon Aggregator,Noida,"Pradeep Mirani, Aqeel Ahmed, Anand Ladsariya, Nitin Agarwal",Seed Funding,"300,000.00"
1370,13/09/2016,2016,NearBuy,Consumer Internet,Online Deals & Discount platform,Gurgaon,BlackSoil Capital Pvt. Ltd.,Private Equity,"2,500,000.00"
1372,14/09/2016,2016,Flocareer,Consumer Internet,Jobs & Skill Validation platform,Bangalore,"Balasubramanian Krishnamurthy, Sidhartha Hazarika & Others",Seed Funding,"150,000.00"
1374,15/09/2016,2016,infeedo,Consumer Internet,Employee engagement platform,Gurgaon,"Dheeraj Jain, Palash Jain, Anupam Mittal, Ameera Shah,\\xc2\\xa0 Vivek Bhargava, Rahul Singh, Ambarish Gupta,",Seed Funding,"200,000.00"
1375,15/09/2016,2016,Furlenco,eCommerce,Online furniture rental startup,Bangalore,Lightbox Ventures and others,Private Equity,"5,000,000.00"
1376,15/09/2016,2016,GoPigeon,Consumer Internet,on-demand logistics service provider,Bangalore,Nexus Venture Partners,Private Equity,"1,500,000.00"
1377,16/09/2016,2016,NewsDistill,Consumer Internet,City based News Aggregator App,Hyderabad,"Ganesh Narasimhan, Ramana Thumu, Sudhir Mallem",Seed Funding,"100,000.00"
1378,16/09/2016,2016,DoctorInsta,Consumer Internet,Online Doctor Consultations,Gurgaon,RoundGlass Partners,Private Equity,"1,000,000.00"
1379,19/09/2016,2016,Milofy,Consumer Internet,Couple Socialization App,Bangalore,Accel Partners,Seed Funding,"750,000.00"
1381,19/09/2016,2016,Swiggy,Consumer Internet,Online Food Ordering & Delivery,Bangalore,Bessemer Venture Partners,Private Equity,"15,000,000.00"
1383,20/09/2016,2016,JustLikeNew,eCommerce,Online gadget Repair Services Marketplace,Hyderabad,LetsVenture,Seed Funding,"500,000.00"
1385,21/09/2016,2016,Co Life,Consumer Internet,shared living and working spaces platform,Bangalore,Undisclosed Investors,Seed Funding,"1,000,000.00"
1387,21/09/2016,2016,Pepperfry,eCommerce,Furniture eTailer,Mumbai,"Goldman Sachs Group, Zodius Technology Fund, Norwest Venture Partners, Bertelsmann India",Private Equity,"31,300,000.00"
1388,21/09/2016,2016,eQuickies,eCommerce,Online Book etailer,Ahmedabad,Lothal Angel Ventures,Seed Funding,"298,000.00"
1389,21/09/2016,2016,Khel Now,Consumer Internet,Mobile-based social networking platform,New Delhi,Anglian Omega Network,Seed Funding,"350,000.00"
1390,22/09/2016,2016,Gadgetwood,Consumer Internet,On-Demand Gadget repair services platform,New Delhi,Carpediem Capital,Private Equity,"6,000,000.00"
1392,22/09/2016,2016,Flixy Games,Technology,Mobile Game Publisher for Indian audience,Bangalore,Rebright Partners,Seed Funding,"425,000.00"
1393,22/09/2016,2016,HashTaag,Technology,Mobile App Development company,Bangalore,Undisclosed investors,Seed Funding,"1,000,000.00"
1394,22/09/2016,2016,PharmaRack,Technology,SAAS application for Pharma Industry,Pune,"Currae Healthtech Fund, Unicorn India Ventures",Private Equity,"745,000.00"
1395,23/09/2016,2016,\\xc2\\xa0CloudCherry,Technology,CRM SAAS Platform,Chennai,"Vertex Ventures, Cisco Ventures, IDG Ventures",Private Equity,"6,000,000.00"
1401,27/09/2016,2016,TinyStep,Consumer Internet,Parenting Network Platform,Bangalore,Flipkart Logistics Pvt. Ltd,Private Equity,"1,580,000.00"
1403,28/09/2016,2016,Beardo,eCommerce,Mens Grooming products etailer,Ahmedabad,Venture Catalysts,Seed Funding,"500,000.00"
1404,28/09/2016,2016,Instacar,Consumer Internet,Out-Station Taxi Rental Platform,Indore,Swastika Co Ltd.,Seed Funding,"1,000,000.00"
1405,28/09/2016,2016,Celes Care,Consumer Internet,Virtual Health Clinic for Women,Hyderabad,Endiya Partners,Seed Funding,"1,000,000.00"
1406,28/09/2016,2016,Druva,Technology,Cloud Based Data Protection Solution,Pune,"Sequoia India, EDBI, Blue Cloud Ventures, Hercules Capital",Private Equity,"51,000,000.00"
1407,29/09/2016,2016,Promon,eCommerce,Local Commerce Platform,New Delhi,Now Capital,Seed Funding,"180,000.00"
1409,29/09/2016,2016,Unocoin,Consumer Internet,Bitcoin Wallet,Bangalore,"Blume Ventures, Mumbai Angels, ah! Ventures, Digital Currency Group, Boost VC, Bank to the Future and Funders Club",Private Equity,"1,500,000.00"
1411,30/09/2016,2016,Zeta,Technology,Enterprise Cloud Solutions,Mumbai,Bhavin Turakhia,Private Equity,"19,000,000.00"
1413,01/08/2016,2016,HealthKart,eCommerce,Online Pharmacy & Health Marketplace,Gurgaon,"Sequoia Capital India, Omidyar Network, Kae Capital",Private Equity,"12,000,000.00"
1414,01/08/2016,2016,Medinfi,Consumer Internet,Doctor & Clinic\\xc2\\xa0 Discovery Platform,Bangalore,"Mudit Saxena, Evan Lim",Seed Funding,"200,000.00"
1415,01/08/2016,2016,RepairEasy,Consumer Internet,Gadget Repair Services Platform,Pune,Undisclosed HNIs,Seed Funding,"275,000.00"
1416,01/08/2016,2016,Voonik,eCommerce,Online Women\\xe2\\x80\\x99s Fashion Marketplace,Bangalore,InnoVen Capital,Private Equity,"3,000,000.00"
1417,01/08/2016,2016,Tokri,Consumer Internet,Hyperlocal Grocery Delivery platform,Pune,Syska LED group,Private Equity,"2,500,000.00"
1418,02/08/2016,2016,Sheroes,Consumer Internet,Online Job and Career Platform for Women,Noida,"Lumis Partners, The HR Fund, Rajul Garg, Quintillion Media",Private Equity,"1,800,000.00"
1420,02/08/2016,2016,Yumlane,Food & Beverage,Retail Food & Snack Offline centres,Mumbai,"Binny Bansal, Anupam Mittal, Sachin Bhatia, Darius Pandole, Kunal Khattar, Dheerag Jain",Seed Funding,"1,000,000.00"
1422,03/08/2016,2016,ExtraCarbon,Consumer Internet,Waste Recycle Management platform,Gurgaon,Brand Capital,Seed Funding,"225,000.00"
1423,03/08/2016,2016,FlickBay,Consumer Internet,Mobile Based Bollywood Discovery platform,Mumbai,Paul Roy,Seed Funding,"890,000.00"
1424,04/08/2016,2016,Petoo,Consumer Internet,Food Delivery Platform,Bangalore,Existing Investors,Seed Funding,"500,000.00"
1427,06/08/2016,2016,VST Travels,Technology,Travel Ticket Booking Software,Kerala,Promatus Group,Seed Funding,"27,000.00"
1429,08/08/2016,2016,Wefly Indoor Skydiving,Others,Indoor Skydiving Sports Provider,Mumbai,Swastika Company Ltd.,Seed Funding,"40,000.00"
1430,08/08/2016,2016,Mojarto,eCommerce,"Original Art, Digital Prints etailer",Gurgaon,Undisclosed Investors,Seed Funding,"445,000.00"
1431,08/08/2016,2016,Zipgrid,Consumer Internet,Community services platform,Mumbai,1Crowd (through crowd funding),Seed Funding,"200,000.00"
1434,10/08/2016,2016,Vebbler,Consumer Internet,Photo Sharing Mobile App,Bangalore,"Anupam Mittal, Sharad Sharma & 14 others",Seed Funding,"500,000.00"
1435,10/08/2016,2016,Bombay Shaving Company,eCommerce,Men\\xe2\\x80\\x99s Grooming Product etailer,New Delhi,"Noshir Kaka, Subramanian Ramadorai, Kiran Deshpande, Pankaj Gupta, Ravi Nigam & Others",Seed Funding,"600,000.00"
1436,11/08/2016,2016,Travelyaari,Consumer Internet,Online ticket booking platform,Bangalore,"Gujarat Venture Finance Limited (GVFL), Bennett Coleman & Co. Ltd",Private Equity,"7,000,000.00"
1438,11/08/2016,2016,Genextstudents,Consumer Internet,Online Tutoring Service provider,Mumbai,1Crowd (through crowdfunding),Seed Funding,"209,000.00"
1439,11/08/2016,2016,Zenoti,Technology,Cloud Based Software Solutions Provider,Hyderabad,"Norwest Venture Partners, Accel India",Private Equity,"15,000,000.00"
1440,12/08/2016,2016,Crofarm,Technology,Agri-Tech supply chain Solution provider,Gurgaon,"Mukul Singhal, Rohit Jain, Himanshu Aggrawal, Sunil Goyal Ashish Gupta,",Private Equity,"1,500,000.00"
1441,12/08/2016,2016,Faircent.com,Consumer Internet,peer-to-peer lending platform,Gurgaon,Brand Capital,Private Equity,"1,500,000.00"
1442,12/08/2016,2016,Innovaccer,Technology,Integrated Enterprise Analytics Platform,Noida,Westbridge Capital Partners,Private Equity,"15,600,000.00"
1443,12/08/2016,2016,Cuberoot,Technology,Data Analytics & Audience Management Platform,Gurgaon,Undisclosed Investors,Seed Funding,"500,000.00"
1447,16/08/2016,2016,OyoRooms,Consumer Internet,Budget Hotels Aggregator,New Delhi,SoftBank Group,Private Equity,"62,000,000.00"
1448,16/08/2016,2016,Hike,Consumer Internet,Mobile Messaging App,New Delhi,"Tencent Holdings, Foxconn Technology Group, Tiger Global, SoftBank Group, Bharti Enterprises",Private Equity,"175,000,000.00"
1449,16/08/2016,2016,Joolz,eCommerce,Online Jewellery Store,Mumbai,"Powerhouse Ventures, M&S Partners",Private Equity,"500,000.00"
1450,16/08/2016,2016,SaleBhai,eCommerce,"Sweets, Dry Fruits & Handicrafts etailer",Ahmedabad,Brand Capital,Private Equity,"1,500,000.00"
1451,16/08/2016,2016,Makkajai,Technology,Online & Mobile learning for kids,Pune,"Anand Chandrasekaran, Ananth Narayanan, Mekin Maheshwari, Ravi Garikipati, Divyesh Shah, Swastika Company Ltd",Seed Funding,"250,000.00"
1453,17/08/2016,2016,MaalGaadi,Logistics,Online Logistics Marketplace,Indore,"Swan Angel Network,Sachin Khandelwal and others",Seed Funding,"375,000.00"
1455,17/08/2016,2016,Appknox,Technology,Mobile security solutions,Bangalore,"SeedPlus, Infocomm Investments, Accel Partners RNT Associates",Private Equity,"675,000.00"
1459,19/08/2016,2016,Quikr,Consumer Internet,Classified Listings platform,Mumbai,Brand Capital,Private Equity,"20,000,000.00"
1460,19/08/2016,2016,Digio,Technology,Aadhar based Document Signing platform,Bangalore,Rainmatter,Private Equity,"375,000.00"
1463,22/08/2016,2016,Puro Wellness,healthcare,"Organic,\\xc2\\xa0 Natural\\xc2\\xa0 Food substitute manufacturer",Mumbai,Torrent Group,Private Equity,"37,000,000.00"
1466,23/08/2016,2016,Notesgen,Consumer Internet,Online Notes Sharing Portal,New Delhi,"Riju Gupta, Kamal Chabra",Seed Funding,"100,000.00"
1468,23/08/2016,2016,Octo.ai,Technology,Artificial Intelligence based marketing platform,New Delhi,"Outbox Ventures, Jaspreet Bindra, Arjun Malhotra, Rohan Malhotra, Sidharth Rao, Rakesh Agrawal",Seed Funding,"200,000.00"
1470,24/08/2016,2016,UnaAcademy,Consumer Internet,Free Interactive education platform,Bangalore,"Blume Ventures, Sachin Bansal, Vijay Shekhar Sharma, Binny Bansal,\\xc2\\xa0 Kunal Shah, Sandeep Tandon, Ashish Tulsian",Private Equity,"1,000,000.00"
1471,24/08/2016,2016,Advenio,Technology,Clinical Imaging Solution Provider,Chandigarh,Kalaari Capital,Seed Funding,"100,000.00"
1472,24/08/2016,2016,Guarented,eCommerce,Home Furnishing rental marketplace,Bangalore,Kalaari Capital,Seed Funding,"500,000.00"
1474,24/08/2016,2016,Uber Dreams,eCommerce,Dreams fulfilling marketplace,Mumbai,Mohit Lalvani,Seed Funding,"500,000.00"
1475,24/08/2016,2016,Convegenius,Education,Edutainment platform,Noida,Michael and Susan Dell Foundation,Private Equity,"900,000.00"
1476,24/08/2016,2016,UrbanLadder,eCommerce,Online Furniture Store,Mumbai,Trifecta Capital,Private Equity,"3,000,000.00"
1479,25/08/2016,2016,Cult,Healthcare,Health and Fitness Centres,Bangalore,CureFit,Private Equity,"3,000,000.00"
1482,25/08/2016,2016,ZoomCar,Consumer Internet,Self-driven car booking platform,Bangalore,Ford Smart Mobility Llc,Private Equity,"24,000,000.00"
1483,26/08/2016,2016,Plix,Consumer Internet,Photo and Video Sharing App,Gurgaon,Instalabs,Seed Funding,"500,000.00"
1484,26/08/2016,2016,Mobikwik,Consumer Internet,Digital Wallet platform,Gurgaon,Net1 UEPS Technologies Inc,Private Equity,"40,000,000.00"
1485,26/08/2016,2016,MyDidi,Consumer Internet,"on-demand, hyper-local Cleaning services provider",Mumbai,Undisclosed Ex Mckinsey Directors and Partners,Seed Funding,"550,000.00"
1487,29/08/2016,2016,LoanTap,Consumer Internet,Lending platform for Salaried professionals,Mumbai,"Dr. Abhishek Pandey, Jaysukh Sapra",Private Equity,"3,000,000.00"
1488,29/08/2016,2016,Runnr,Consumer Internet,hyperlocal Logistics services provider,Bangalore,"Nexus Venture Partners, Blume Ventures",Private Equity,"7,000,000.00"
1490,29/08/2016,2016,Notion Press,Consumer Internet,Self-Publishing books platform,Chennai,Undisclosed HNI investors,Private Equity,"1,000,000.00"
1491,29/08/2016,2016,LivSpace,Consumer Internet,Online portal for Home Design,Bangalore,"Bessemer Venture Partners, Jungle Ventures, Helion Ventures",Private Equity,"15,000,000.00"
1492,30/08/2016,2016,iAugmentor Labs,Technology,Assessment & Learning Platform,Gurgaon,Rajasthan Angel Investor Network & Others,Seed Funding,"149,000.00"
1493,30/08/2016,2016,DayBox,Consumer Internet,Fruit & Vegetable Delivery platform,New Delhi,"Ashutosh Lawania, Rajul Jain, Badal Malick, Rishi Gupta & Others",Seed Funding,"104,000.00"
1494,30/08/2016,2016,Paytm,eCommerce,Mobile Wallet & ECommerce platform,Bangalore,MediaTek Inc.,Private Equity,"60,000,000.00"
1495,30/08/2016,2016,CropIn,Technology,Agriculture Technology Solutions,Bangalore,Sophia Investment ApS,Private Equity,"2,000,000.00"
1496,30/08/2016,2016,Canvera,Consumer Internet,Photographer Discovery & Information platform,Bangalore,Info Edge (India) Ltd,Private Equity,"3,000,000.00"
1498,31/08/2016,2016,Flyrobe,eCommerce,Online fashion rental platform,Mumbai,"IDG Ventures, Sequoia Capital, GREE Ventures",Private Equity,"5,300,000.00"
1502,01/07/2016,2016,Venture Catalysts,Consumer Internet,Seed Investment & Innovation Platform,Mumbai,Zaffiro Ventures,Seed Funding,"500,000.00"
1504,02/07/2016,2016,Playment,Consumer Internet,Mobile Marketplace for Crowdsourced Work,Bangalore,SAIF Partners,Private Equity,"700,000.00"
1506,04/07/2016,2016,Curefit,Consumer Internet,Online Preventive Healthcare Platform,Bangalore,"Accel Partners, IDG Ventures, Kalaari Capital",Private Equity,"15,000,000.00"
1507,04/07/2016,2016,StitchWood,eCommerce,Custom Furniture Online,Mumbai,Deepak Gupta,Seed Funding,"200,000.00"
1508,04/07/2016,2016,Grab.in,Logistics,hyperlocal logistics service,Mumbai,Aramex Ventures Llc,Private Equity,"2,000,000.00"
1510,04/07/2016,2016,NeoGrowth,Fice,SME Lending platform,Mumbai,"IIFL Wealth Management Seed Venture Fund, Omidyar Network, Khosla Impact, Aspada",Private Equity,"16,000,000.00"
1511,05/07/2016,2016,SeeDoc,Consumer Internet,Video Based Doctor Consulting platform App,Gurgaon,YourNest Angel Fund\\xc2\\xa0 & Others,Private Equity,"1,000,000.00"
1512,05/07/2016,2016,BookMyShow,Consumer Internet,Event & Movie Ticketing platform,Mumbai,"Stripes Group, Network 18, Accel Partners, SAIF Partners",Private Equity,"82,000,000.00"
1513,05/07/2016,2016,Flyrobe,eCommerce,Online fashion rental platform,Mumbai,"Sequoia Capital, Rohit Bansal, Kunal Bahl, Sandeep Tandon, Kunal Shah, Zishaan Hayath,\\xc2\\xa0 Abhishek Jain",Seed Funding,"1,700,000.00"
1514,06/07/2016,2016,HappilyUnmarried,eCommerce,Online Merchandize etailer,New Delhi,Info Edge (India) Ltd,Private Equity,"740,000.00"
1515,06/07/2016,2016,Don\\xe2\\x80\\x99t Scratch Your Head,Technology,Full Stack Offline & Online ERP Solution,Ahmedabad,"Gaurav Singhvi, Zaffiro Ventures",Seed Funding,"250,000.00"
1516,06/07/2016,2016,Wedding Wishlist,Consumer Internet,"Wedding Wishlist, Gifts & Registry Creation platform",Chennai,"Kirthiga Reddy, Renuka Ramanath,Cherry Tin",Seed Funding,"297,000.00"
1517,07/07/2016,2016,AppDaily,Technology,Mobile Security App development & Distribution,Mumbai,"Kalaari Capital, Qualcomm Ventures, ru-Net, Zodius Technology Opportunities Fund,",Private Equity,"2,000,000.00"
1518,07/07/2016,2016,Adytude,Consumer Internet,Gamified Consumer Insights Portal,New Delhi,Indian Angel Network,Private Equity,"1,000,000.00"
1522,08/07/2016,2016,HolaChef,Consumer Internet,Online Food Ordering & Delivery Platform,Mumbai,"Kalaari Capital, India Quotient",Private Equity,"1,950,000.00"
1523,11/07/2016,2016,Purplle,eCommerce,Beauty Products Marketplace,Mumbai,"JSW Ventures, Blume Ventures & IvyCap Ventures",Private Equity,"6,000,000.00"
1524,11/07/2016,2016,Trak N Tell,Technology,Car Tracking & Safety System,Gurgaon,Brian Acton,Private Equity,"3,500,000.00"
1525,11/07/2016,2016,Overcart.com,eCommerce,Unboxed & refurbished electronic products marketplace,Gurgaon,"JSW Ventures, Omidyar Network, Sattva Capital, Venture Works",Private Equity,"3,000,000.00"
1526,12/07/2016,2016,SirionLabs,Technology,SAAS based Service Agreement Management,Gurgaon,Sequoia Capital,Private Equity,"12,250,000.00"
1531,13/07/2016,2016,YAAP,Consumer Internet,"Online Content Discovery, Creation & Distribution Platform",New Delhi,Rainmaker Ventures,Private Equity,"5,000,000.00"
1533,13/07/2016,2016,Twigly,Consumer Internet,Online Food Ordering & Delivery Startup,Gurgaon,"Tracxn Labs, Hyderabad Angels, Kunal Shah, Gaurav Bhalotia",Seed Funding,"600,000.00"
1534,13/07/2016,2016,ShareChat,Consumer Internet,Vernacular Language Content Creation & Sharing App,Bangalore,"SAIF Partners, India Quotient",Private Equity,"1,350,000.00"
1536,13/07/2016,2016,RentMojo,Consumer Internet,Online Furniture Renting Platform,Bangalore,"Accel Partners, IDG Ventures India",Private Equity,"5,000,000.00"
1539,14/07/2016,2016,Augrav,eCommerce,Personalized precious Jewellery etailer,Coimbatore,Keiretsu Forum,Seed Funding,"450,000.00"
1540,14/07/2016,2016,ShoppinPal,Technology,M-Commerce Solutions for Retail Stores,Pune,"Plug and Play Tech Center, Steelhead Ventures & Others",Private Equity,"1,070,000.00"
1542,15/07/2016,2016,WorkApps,Technology,Enterprise Work Management Software,Pune,SRI Capital,Seed Funding,"1,000,000.00"
1543,15/07/2016,2016,BankerBay,Consumer Internet,Online Investment Banking platform,Bangalore,undisclosed investors,Private Equity,"2,000,000.00"
1545,15/07/2016,2016,TripShelf,eCommerce,Travel Package Marketplace,New Delhi,GEMS group,Seed Funding,"250,000.00"
1547,15/07/2016,2016,Ridlr,Consumer Internet,Public Transport Mobile App,Mumbai,"Times Internet, Innoven Capital, Matrix Partners India, Qualcomm Ventures",Private Equity,"6,000,000.00"
1548,18/07/2016,2016,Yellowdig,Consumer Internet,Online Learning Platform,Pune,SRI Capital,Seed Funding,"650,000.00"
1549,18/07/2016,2016,Zuppler,Consumer Internet,Online Food Ordering platform,New Delhi,SRI Capital,Seed Funding,"650,000.00"
1550,18/07/2016,2016,BlueStone,eCommerce,Jewellery Etailer,Mumbai,"IIFL and Accel Partners, Kalaari Capital, IvyCap Ventures, RB Investments",Private Equity,"30,000,000.00"
1553,19/07/2016,2016,Sagacito,Technology,Cloud-Based Enterprise Solutions,New Delhi,Star India Pvt. Ltd,Private Equity,"10,000,000.00"
1554,19/07/2016,2016,Deal4Loans / Wishfin,Consumer Internet,\\nLoans Comparison platform\\n\\n\\n\\n     (adsbygoogle = window.adsbygoogle || []).push({});\\n\\n,Noida,Franklin Templeton International Services Pvt. Ltd,Private Equity,"15,000,000.00"
1555,19/07/2016,2016,NiYO Solutions,Technology,Payroll & Benefits Software solutions,Bangalore,Prime Venture Partners,Private Equity,"1,000,000.00"
1556,19/07/2016,2016,AppLop,Consumer Internet,Mobile Apps SaaS Platform,Gurgaon,Green House Ventures Accelerator,Seed Funding,"250,000.00"
1557,20/07/2016,2016,Tax2Win,Consumer Internet,Online Tax Filing Portal,Jaipur,Undisclosed Investors,Private Equity,"1,000,000.00"
1558,20/07/2016,2016,Truckola,Logistics,Tech-focused cargo transport startup,Mumbai,"Abhishek Agarwal, Krishnakumar Nataraj, Sarath Sura, Shanti Mohan, Sarthak and Nihit Agarwal, Suramya Gupta",Seed Funding,"595,000.00"
1560,21/07/2016,2016,MyTaxiIndia,Consumer Internet,Online Car rental booking platform,New Delhi,Nihon Kotsu Co,Private Equity,"1,000,000.00"
1562,21/07/2016,2016,Wiwigo,Consumer Internet,Inter-City Taxi Booking platform,Bangalore,Indian Angel Network,Seed Funding,"595,000.00"
1568,02/06/2016,2016,Atomberg,Technology,"smart, energy efficient home appliance manufacturer",Mumbai,Parampara Capital,Private Equity,"1,000,000.00"
1570,02/06/2016,2016,Limo,Consumer Internet,Bus Aggregator Mobile app,Mumbai,Rainmaker Ventures,Private Equity,"1,000,000.00"
1572,03/06/2016,2016,GoGo Truck,Consumer Internet,Truck Aggregator & Booking platform,Chennai,Undisclosed Investor,Seed Funding,"75,000.00"
1573,03/06/2016,2016,Vyome Biosciences,Healthcare,Treatment Development for Antibiotic-resistant diseases,New Delhi,Romulus Capital,Private Equity,"2,000,000.00"
1574,06/06/2016,2016,SillyMonks,Consumer Internet,Digital Media and Entertainment Startup,Hyderabad,Sreenivasa Reddy Musani,Seed Funding,"448,000.00"
1575,07/06/2016,2016,CueMath,Education,K-12 Maths Learning Courses,Bangalore,"Sequoia Capital, Unitus Seed Fund",Private Equity,"4,000,000.00"
1576,07/06/2016,2016,KrazyBee,Consumer Internet,Student Micro-Loan platform,Bangalore,"Yeahmobi, Fenqile",Private Equity,"2,000,000.00"
1577,07/06/2016,2016,Intgrea,Technology,Post merger Integration Partners,Bangalore,Undisclosed Investor,Seed Funding,"100,000.00"
1578,07/06/2016,2016,HelpShift,Technology,Mobile CRM Platform,Pune,"Microsoft Ventures, Salesforce Ventures",Private Equity,"23,000,000.00"
1579,07/06/2016,2016,CreditVidya,Technology,Credit Scoring Platform,Mumbai,Kalaari Capital,Private Equity,"1,000,000.00"
1580,08/06/2016,2016,Grey Campus,Consumer Internet,Online Learning Platform,Hyderabad,Sarath Sura,Seed Funding,"1,000,000.00"
1581,08/06/2016,2016,ListUp,eCommerce,Location based Classified Mobile app,Mumbai,"Kae Capital, Kunal Shah, Sandeep Tandon",Seed Funding,"500,000.00"
1582,08/06/2016,2016,6Degree,Technology,Tech-enabled Fashion Talent platform,Mumbai,Indian Angel Network,Seed Funding,"200,000.00"
1585,08/06/2016,2016,StoreKing,eCommerce,Connecting Small Town Consumers to E-Commerce,Bangalore,Axiata Digital,Private Equity,"16,000,000.00"
1587,08/06/2016,2016,MySeniorDoctor,Consumer Internet,Online medical support platform,Gurgaon,BlackJag Partners,Seed Funding,"200,000.00"
1590,09/06/2016,2016,EPayLater,Technology,Fin-Tech Platform,Mumbai,3 undisclosed HNIs,Seed Funding,"2,000,000.00"
1592,10/06/2016,2016,Paytunes,Consumer Internet,Mobile based rewards platform,New Delhi,"CIO Angel Network, Indian Angel Network",Private Equity,"500,000.00"
1600,13/06/2016,2016,Bombay Shirt Company,eCommerce,Online custom Shirt retailer,Mumbai,undisclosed investor,Private Equity,"1,000,000.00"
1605,14/06/2016,2016,Jivox,Technology,Data Driven Advertising platform,Bangalore,"You & Mr Jones, Fortisure Ventures, Diaz Nesamoney",Private Equity,"6,000,000.00"
1606,14/06/2016,2016,Sminq,Consumer Internet,Queue management Mobile app,Pune,"Saama Capital, Blume Ventures & Vaibhav Domkundwar",Seed Funding,"1,000,000.00"
1607,14/06/2016,2016,CureJoy,Consumer Internet,Online Alternative health community platform,Bangalore,Accel Partners India,Private Equity,"4,400,000.00"
1608,15/06/2016,2016,Oneway.cab,Consumer Internet,Taxi Rental Platform,Vadodara,Indian Angel Network,Seed Funding,"450,000.00"
1610,16/06/2016,2016,Diro Labs,Consumer Internet,Contact Management Mobile App,New Delhi,Info Edge (India) Ltd,Private Equity,"450,000.00"
1611,16/06/2016,2016,Unnati Helpers,Consumer Internet,Help Hiring Platform,Gurgaon,Info Edge (India) Ltd,Private Equity,"600,000.00"
1614,16/06/2016,2016,Voonik,eCommerce,Online Women\\xe2\\x80\\x99s Fashion Marketplace,Bangalore,Sequoia Capital,Private Equity,"20,000,000.00"
1616,17/06/2016,2016,Cleartax,Consumer Internet,Online Tax Filing Platform,New Delhi,"Ravi Adusumalli, SAIF Partners",Private Equity,"12,000,000.00"
1617,17/06/2016,2016,Silvan Innovation Labs,Technology,Home Automation Solutions,Bangalore,Infuse Ventures,Private Equity,"900,000.00"
1618,17/06/2016,2016,GreytHR,Technology,Payroll & HR Software Developer,Bangalore,"New Enterprise Associates (NEA), Blume Ventures",Private Equity,"5,200,000.00"
1624,21/06/2016,2016,Onspoon,Consumer Internet,Online Platform for Event Sponsorship,Mumbai,Swan Angel Network,Seed Funding,"150,000.00"
1628,21/06/2016,2016,Celerix,Technology,Fintech Product Development & Services Startup,Bangalore,Bitkemy Ventures,Seed Funding,"400,000.00"
1629,21/06/2016,2016,NatureNama,Consumer Internet,Online Outdoors & travel,Mumbai,Unicorn Venture,Seed Funding,"225,000.00"
1631,21/06/2016,2016,Syona Cosmetics,FMCG,Beauty Products & Training to Salons & Spas,Chennai,The Chennai Angels,Seed Funding,"150,000.00"
1632,21/06/2016,2016,PrettySecrets,eCommerce,Women Lingerie Store,Mumbai,"RB Investments PTE Ltd, Orios Venture Partners",Private Equity,"6,000,000.00"
1633,22/06/2016,2016,SpiderG,Consumer Internet,Online invoice app for SMEs,Pune,"Rahul Kirloskar, Fusion Tech Ventures, Adi Saravanan, Pravin Dongre, Mahendra Doshi",Seed Funding,"150,000.00"
1634,23/06/2016,2016,FarEye,Technology,Logistics Management Software,New Delhi,Saif Partners,Private Equity,"3,500,000.00"
1635,23/06/2016,2016,The Uolo,Consumer Internet,School Parent Communication App,Bangalore,"Purvi Ventures, Rajul Garg, Vipin Arora",Seed Funding,"210,000.00"
1638,24/06/2016,2016,Drivify,Consumer Internet,Professional Driver discovery & Booking Mobile app,Mumbai,"Jitendra Gupta, Pankaj Tripathi",Seed Funding,"50,000.00"
1640,24/06/2016,2016,ParaBlu,Technology,Cloud Data Security & Privacy Solutions,Bangalore,Kalaari Capital,Seed Funding,"500,000.00"
1641,24/06/2016,2016,Schedulers Logistics,Logistics,Cold Storage Logistics solutions,Mumbai,GVFL,Private Equity,"6,000,000.00"
1642,24/06/2016,2016,LEAP India,Others,Supply Chain Equipment & Services provider,Mumbai,Mayfield Ventures,Private Equity,"3,000,000.00"
1643,24/06/2016,2016,KabadiExpress,Others,Free Door Step Scrap Pickup Service,New Delhi,Undisclosed investor,Seed Funding,"148,000.00"
1644,27/06/2016,2016,YourDost,Consumer Internet,Online counselling & Personal coaching platform,Bangalore,"SAIF Partners, Aprameya Radhakrishnan, Phanindra Sama, Subba Rao Telidevara, Vibhu Garg, Paula Ravindra Mariwala, Gaurav Bhalotia",Seed Funding,"1,200,000.00"
1645,27/06/2016,2016,Gomalon,Consumer Internet,Online Spa & Salon discovery & Booking platform,Bangalore,Undisclosed investor,Seed Funding,"100,000.00"
1647,27/06/2016,2016,Travelyaari,Consumer Internet,Online ticket booking platform,Bangalore,GVFL Ltd,Private Equity,"3,000,000.00"
1648,28/06/2016,2016,FabHotels,Consumer Internet,Online Hotel aggregator & Booking platform,Gurgaon,"Accel Partners, RB Investments",Private Equity,"8,000,000.00"
1649,28/06/2016,2016,Locanix,Technology,GPS based SaaS Solutions,Ahmedabad,Undisclosed investors,Seed Funding,"300,000.00"
1650,28/06/2016,2016,LendingKart,Consumer Internet,Online Working Capital Business Loans Platform,Ahmedabad,"Bertelsmann India Investments, Mayfield India, Saama Capital, India Quotient",Private Equity,"32,000,000.00"
1651,28/06/2016,2016,Hello Tax,Consumer Internet,Online Tax Filing Platform,New Delhi,Sanjeev Sinha,Seed Funding,"295,000.00"
1654,29/06/2016,2016,LetReach,eCommerce,ECommerce SAAS Solutions,New Delhi,vCommission,Private Equity,"100,000.00"
1655,29/06/2016,2016,TrendieApp,Technology,Visual Content Marketing,Kolkata,Harsh Vardhan Hada,Seed Funding,"50,000.00"
1657,29/06/2016,2016,Velvetcase,eCommerce,Online designer jewellery marketplace,Mumbai,"Uniqorn Ventures Fund, TV Mohandas Pai, S Somasegar",Private Equity,"1,500,000.00"
1658,30/06/2016,2016,Meru Cabs,Consumer Internet,Online/ Mobile Tax Cab booking,Mumbai,Brand Capital,Private Equity,"25,000,000.00"
1659,30/06/2016,2016,Campus Diaries,Consumer Internet,Student focussed Content Discovery portal,Bangalore,Aarin Capital,Seed Funding,"220,000.00"
1661,30/06/2016,2016,Biryani Blues,Food & Beverage,QSR Chain,Gurgaon,Carpediem Capital & Others,Private Equity,"368,000.00"
1663,01/05/2016,2016,Get My Parking,Technology,Parking Technology Platform,New Delhi,The Chennai Angels,Seed Funding,"376,000.00"
1664,01/05/2016,2016,Prescribez,Consumer Internet,Health Service Aggregator Platform,Pune,Ankush Mehta,Seed Funding,"145,000.00"
1666,03/05/2016,2016,Mobikwik,Consumer Internet,Mobile & Digital Wallet,Gurgaon,"GMO Payment Gateway, MediaTek",Private Equity,"50,000,000.00"
1668,03/05/2016,2016,Zwayam,Consumer Internet,Online Recruitment Platform,Bangalore,Undisclosed investors,Seed Funding,"250,000.00"
1670,03/05/2016,2016,Zuver,Consumer Internet,Car driver Discovery App,Mumbai,"Shruth & Smith Group, Hermes Group",Seed Funding,"180,000.00"
1672,04/05/2016,2016,EasyRoads,Consumer Internet,Road Trip planning Mobile app,Mumbai,"Rohan Angrish, Hrishi Oberoi, Rahul Mehta, Kapil Hetamsaria, Pranav Dedhia",Seed Funding,"200,000.00"
1673,04/05/2016,2016,Lenskart,eCommerce,Eyewear & Accessories etailer,New Delhi,"International Finance Corp, TPG Growth, Adveq Management, IDG Ventures, Ratan Tata, Kris Gopalakrishnan",Private Equity,"60,000,000.00"
1674,04/05/2016,2016,Seclore,Technology,Enterprise Security Technology platform,Mumbai,"Sistema Asia Fund, Helion Venture, VentureEast, India Alternatives",Private Equity,"12,000,000.00"
1675,04/05/2016,2016,SolarTown,Technology,Solar Rooftop system installation company,Chennai,Grex.in,Seed Funding,"200,000.00"
1676,04/05/2016,2016,Comarete,Technology,Telecom & Media IT services company,Pune,Grex.in,Seed Funding,"200,000.00"
1677,04/05/2016,2016,MyDentistChoice,eCommerce,Medical Supplies eTailer,Hyderabad,Undisclosed investors,Seed Funding,"150,000.00"
1678,04/05/2016,2016,Active.ai,Technology,Intelligent Tech platform for Fice vertical,Singapore,Kalaari Capital Accelerator Program,Seed Funding,"500,000.00"
1679,04/05/2016,2016,Affordplan,Technology,Affordable non-emergency medical service health plans,New Delhi,Kalaari Capital Accelerator Program,Seed Funding,"500,000.00"
1680,04/05/2016,2016,Indee,Consumer Internet,Web Video Streaming Platform,Bangalore,Kalaari Capital Accelerator Program,Seed Funding,"500,000.00"
1682,05/05/2016,2016,WebAlligator,Consumer Internet,Cloud Based Software Solutions,Bangalore,Group of undisclosed Angel Investors & HNIs,Seed Funding,"375,000.00"
1683,06/05/2016,2016,EduAce Services,Education,Education Workshops & mentoring programs,Lucknow,MoMagic Technologies,Private Equity,"1,000,000.00"
1685,07/05/2016,2016,Zebroads,Logistics,Logistics and Warehousing services,Hyderabad,Undisclosed investors,Seed Funding,"75,000.00"
1686,09/05/2016,2016,Locus,Technology,Logistics Intelligence platform,Bangalore,"Exfinity Venture Partners, Blume Ventures, BeeNext, Rajesh Ranavat",Private Equity,"2,750,000.00"
1687,09/05/2016,2016,Toko Innovations,Consumer Internet,Children\\xe2\\x80\\x99s Entertainment Portal,Bangalore,"Roopak Saluja, Vishal Khare",Seed Funding,"450,000.00"
1688,09/05/2016,2016,Rentickle,eCommerce,"Furniture, appliances Portal",New Delhi,"Manish Kheterpal, Vinay Mittal, Dinesh Mittal, Sandeep Gupta",Seed Funding,"250,000.00"
1689,10/05/2016,2016,HealthifyMe,Consumer Internet,Health & Fitness App,Bangalore,"IDG Ventures India, Inventus Capital, Blume Ventures",Private Equity,"6,000,000.00"
1690,10/05/2016,2016,Zarget,Consumer Internet,Conversion Rate Optimization Platform,Chennai,"Accel Partners, Matrix Partners, Girish Mathrubootham",Private Equity,"1,500,000.00"
1691,10/05/2016,2016,InnoNano Research,Technology,Clean Water Technology,Chennai,NanoHoldings,Private Equity,"18,000,000.00"
1692,10/05/2016,2016,SchoolWear,eCommerce,School Uniform & Supplies Marketplace,Mumbai,Undisclosed investors,Seed Funding,"1,500,000.00"
1693,10/05/2016,2016,Swiggy,Consumer Internet,Food Delivery Platform,Bangalore,"Norwest Venture Partners, DST Global, Accel Partners",Private Equity,"7,000,000.00"
1694,11/05/2016,2016,Zenify,Consumer Internet,Home rental Discovery & Booking Portal,Bangalore,Undisclosed Investors,Private Equity,"900,000.00"
1696,11/05/2016,2016,Fractal Analytics,Technology,Data Analytics Company,Mumbai,Khazanah Nasional Berhad,Private Equity,"100,000,000.00"
1697,12/05/2016,2016,Unacademy,Consumer Internet,Free Online Education Platform,Bangalore,"Blume Ventures, Rajan Anandan, Sumit Jain, Aprameya Radhakrishna, Sujeet Kumar, Phanindra Sama",Seed Funding,"500,000.00"
1698,12/05/2016,2016,Capital Float,Consumer Internet,Online Lending Platform,Bangalore,"Creation Investments Capital Management, SAIF Partners, Sequoia Capital, Aspada Ventures",Private Equity,"25,000,000.00"
1699,12/05/2016,2016,Life Circle,Healthcare,Senior Healthcare Services,Hyderabad,GROUPE SOS,Private Equity,"150,000.00"
1704,13/05/2016,2016,StayZilla,Consumer Internet,Budget Room Aggregator Booking platform,Chennai,"Matrix Partners, Nexus Ventures",Private Equity,"13,500,000.00"
1705,13/05/2016,2016,WoW Express,Logistics,E-Commerce Logistics Solutions,Mumbai,Undisclosed Investors & Tamarind Family Private Trust,Private Equity,"2,200,000.00"
1706,16/05/2016,2016,Smartivity,eCommerce,Smart Learning products,Delhi,"S Chand, AdvantEdge Partners",Private Equity,"1,000,000.00"
1711,18/05/2016,2016,TheSmartQ,Consumer Internet,Food Ordering Mobile App,Bangalore,YourNest Angel Fund,Seed Funding,"250,000.00"
1712,18/05/2016,2016,PurpleHealth,Consumer Internet,Online health-on-demand platform,Trivandrum,Katabole Technology Venture,Seed Funding,"100,000.00"
1714,18/05/2016,2016,EduPristine,Education,Online Certification Courses,Mumbai,"Kaizen Management Advisors, DeVry Inc",Private Equity,"10,000,000.00"
1715,18/05/2016,2016,BhiveWorkspace,Reality,Co-Working Spaces,Bangalore,Blume Ventures,Private Equity,"1,000,000.00"
1717,19/05/2016,2016,Appie,Consumer Internet,Location-based offline retail discovery platform,Mumbai,Undisclosed investors,Seed Funding,"1,000,000.00"
1719,19/05/2016,2016,TaxiVaxi,Consumer Internet,Cab Aggregating Platform,New Delhi,Undisclosed HNIs,Seed Funding,"500,000.00"
1720,19/05/2016,2016,Veqta,Consumer Internet,On Demand Digital Sports Network,New Delhi,"Chatsworth Management, ITW Digital",Seed Funding,"500,000.00"
1721,20/05/2016,2016,i2ifunding,Consumer Internet,Online Peer to Peer Funding,Noida,Undisclosed Investors,Seed Funding,"300,000.00"
1723,23/05/2016,2016,Hoppingo,Consumer Internet,Fashion Discovery platform,New Delhi,vCommission,Seed Funding,"89,000.00"
1725,24/05/2016,2016,Goalwise,Consumer Internet,Online investment platform,Bangalore,Undisclosed HNIs,Seed Funding,"1,000,000.00"
1727,25/05/2016,2016,Address Health,Healthcare,Pediatric Primary Healthcare Network,Bangalore,Gray Matters Capital,Private Equity,"1,500,000.00"
1728,25/05/2016,2016,Arcatron Mobility,Technology,Mobility Devices for differently abled,Pune,Sudhir Mehta,Seed Funding,"100,000.00"
1730,26/05/2016,2016,Cleartax,Consumer Internet,Online Income Tax Filing platform,Bangalore,"FF Angel, Sequoia Capital",Private Equity,"2,000,000.00"
1732,26/05/2016,2016,mChamp,Consumer Internet,Celebrity Entertainment Contest App,New Delhi,MoMagic Technologies,Seed Funding,"475,000.00"
1734,30/05/2016,2016,Vahanalytics,Technology,Safe driving Analytics platform,Mumbai,"Anirudh Damani, Vikram Lakhotia",Seed Funding,"200,000.00"
1736,31/05/2016,2016,Koovs,eCommerce,Apparel & Lifestyle eTailer,New Delhi,HT Media Ltd,Private Equity,"4,400,000.00"
1737,31/05/2016,2016,CCavenue,Consumer Internet,Payment Gateway,Mumbai,NSI Infinium Global Pvt. Ltd,Private Equity,"8,900,000.00"
1740,31/05/2016,2016,MachaDalo,Consumer Internet,Hyperlocal Advertising Platform,Mumbai,Undisclosed Investors,Seed Funding,"175,000.00"
1741,01/04/2016,2016,Dil Mil,Consumer Internet,Matchmaking Mobile App,SFO / Bangalore,"Nelstone Ventures, Transmedia Capital, Maiden Lane Ventures, CSC Upshot & Angel investors",Private Equity,"2,700,000.00"
1746,04/04/2016,2016,Hungama,Consumer Internet,Digital Media Entertainment Portal,Mumbai,Xiaomi Inc,Private Equity,"25,000,000.00"
1751,06/04/2016,2016,Shipsy,Logistics,Logistics Solutions,Gurgaon,DTDC Express Ltd,Private Equity,"1,000,000.00"
1752,06/04/2016,2016,gear6,Consumer Internet,Online bike service and repairs platform,Bangalore,Ninestarter,Seed Funding,"500,000.00"
1753,06/04/2016,2016,MyGlamm,Consumer Internet,Mobile based on-demand Beauty Services platform,Mumbai,L\\xe2\\x80\\x99Occitane,Private Equity,"6,000,000.00"
1754,06/04/2016,2016,Petoo,Consumer Internet,Online Food Delivery Platform,Bangalore,Axilor Ventures,Private Equity,"1,000,000.00"
1758,08/04/2016,2016,imedilane,Consumer Internet,Online Health Diagnosis platform,New Delhi,"Mahendra Patel, Nilender Chauhan",Seed Funding,"40,000.00"
1759,11/04/2016,2016,Living Local,Consumer Internet,Social discovery platform,Mumbai,Rattan Chadha,Seed Funding,"200,000.00"
1761,11/04/2016,2016,Oyo,Consumer Internet,Online Branded Budget Room Booking Service,New Delhi,"Softbank, Sequoia Capital, Lightspeed Venture Partners, Greenoaks Capital, DSG Consumer Partners and Venture Nursery",Private Equity,"100,000,000.00"
1762,11/04/2016,2016,PriceRaja,Consumer Internet,Price Comparison Portal,Gurgaon,Prashant Puri,Seed Funding,"300,000.00"
1763,12/04/2016,2016,MagicX,Consumer Internet,On-Demand Task Management App,Bangalore,"Kris Gopalakrishnan, Dr. Ranjan Pai",Seed Funding,"1,000,000.00"
1767,13/04/2016,2016,Legalraasta,Consumer Internet,Online legal Services for Startups,New Delhi,"Pravin Khandelwal, Yatin Kumar Jain",Seed Funding,"1,000,000.00"
1768,13/04/2016,2016,RainCan,Consumer Internet,Subscription-based grocery delivery Mobile App,Pune,Dr. Aniruddha Malpani,Seed Funding,"150,000.00"
1769,13/04/2016,2016,Hippily,eCommerce,Fashion ECommerce App,Mumbai,"Dr. Sridhar Ramaswamy, Rakesh Mathur",Seed Funding,"250,000.00"
1770,13/04/2016,2016,kredX,eCommerce,Invoice discounting\\xc2\\xa0 Marketplace,Bangalore,"Prime Venture Partners,",Seed Funding,"750,000.00"
1772,14/04/2016,2016,BeaconsTalk,Technology,contextual mobile advertising,Mumbai,"Rajeev Agrawal, Prashant Gooty",Seed Funding,"100,000.00"
1774,15/04/2016,2016,RenewBuy,Consumer Internet,Online Car & Bike Insurance Comparison portal,New Delhi,Mount Nathan Advisors,Seed Funding,"1,000,000.00"
1776,15/04/2016,2016,Vyomo,Consumer Internet,On-Demand Beauty Service provider,New Delhi,Naturals Salon Chain,Private Equity,"15,000,000.00"
1779,15/04/2016,2016,NestAway,Consumer Internet,Furnished Home Rental Platform,Bangalore,Tiger Global,Private Equity,"30,000,000.00"
1780,15/04/2016,2016,Tapchief,Consumer Internet,Expert Advice Platform,Bangalore,Vijay Shekhar Sharma,Seed Funding,"150,000.00"
1785,18/04/2016,2016,Jugnoo,Consumer Internet,On-demand Delivery & Logistics platform,Chandigarh,Paytm & existing investors,Private Equity,"10,000,000.00"
1787,19/04/2016,2016,Betaout,eCommerce,customer intelligence and marketing automation platform,Noida,"Stanford Angels, LetsVenture, Chennai Angels, Hyderabad Angels, Mumbai Angels",Private Equity,"1,500,000.00"
1788,19/04/2016,2016,DriversCart,Consumer Internet,on-demand chauffeur provider,Chennai,ah! Ventures,Seed Funding,"450,000.00"
1790,19/04/2016,2016,CollegeDekho,Consumer Internet,College & Student information platform,New Delhi,Man Capital,Private Equity,"2,000,000.00"
1794,20/04/2016,2016,1mg,eCommerce,Online Pharmacy,Gurgaon,"Maverick Capital Ventures, Sequoia Capital, Omidyar Network",Private Equity,"15,000,000.00"
1801,22/04/2016,2016,Licious,eCommerce,Mobile based Meat ordering App,Bangalore,Mayfield India II Management Ltd,Private Equity,"3,000,000.00"
1804,22/04/2016,2016,TOKO Innovation Studios,Consumer Internet,Children\xe2\x80\x99s Entertainment Games & Products,New Delhi,Indian Angel network,Seed Funding,"450,000.00"
1805,25/04/2016,2016,Commut,Consumer Internet,Shuttle Service Provider,Hyderabad,50K Ventures,Seed Funding,"200,000.00"
1807,25/04/2016,2016,Dropkaffe,Food & Beverage,Ready-to-Drink Beverage Producer,Bangalore,"GrowthStory, Apurva Salapuria, Hitesh Oberoi, Sidharth Pansari, Nirupa Shankar",Seed Funding,"550,000.00"
1808,26/04/2016,2016,Transerv,Consumer Internet,Digital Payments platform,Mumbai,"IDFC SPICE Fund, Micromax Informatics",Private Equity,"15,000,000.00"
1809,26/04/2016,2016,ClearTax,Consumer Internet,Online filing of Tax returns,Bangalore,"Max Levchin, Scott Banister",Private Equity,"1,300,000.00"
1810,26/04/2016,2016,Roposo,eCommerce,Social Fashion ECommerce Discovery platform,Gurgaon,Bertelsmann India Investments,Private Equity,"15,000,000.00"
1811,27/04/2016,2016,MilkBasket,Consumer Internet,Micro Grocery Delivery Platform,Gurgaon,EVC Ventures,Seed Funding,"500,000.00"
1814,27/04/2016,2016,ICHR,Consumer Internet,Mobile based Children health Information app,New Delhi,Undisclosed,Seed Funding,"450,000.00"
1816,28/04/2016,2016,The Wedding Brigade,Consumer Internet,Online Wedding Information Portal,Mumbai,Blume Ventures & Other unnamed Investors,Seed Funding,"600,000.00"
1817,28/04/2016,2016,DocsApp,Consumer Internet,Online Doctor Discovery & Chat platform,Bangalore,"Rebright Partners, Anand Rajaraman, Venky Harinarayan",Private Equity,"1,200,000.00"
1818,29/04/2016,2016,Impact Guru,Consumer Internet,Online Crowdfunding platform for NGOs & Social Projects,Mumbai,"RB Investments, Fundnel",Seed Funding,"500,000.00"
1819,29/04/2016,2016,LetReach,eCommerce,ECommerce SAAS Solutions,New Delhi,vCommission,Private Equity,"100,000.00"
1824,02/03/2016,2016,MoMark,Consumer Internet,Mobile Wallet Aggregation platform,Noida,YourNest Angel Fund,Private Equity,"600,000.00"
1826,02/03/2016,2016,Systemantics,Technology,Industrial robots maker,Bangalore,"Nandan Nilekani, Accel Partners",Private Equity,"1,400,000.00"
1828,03/03/2016,2016,Imarticus Learning,Education,Ficial Services & Analytics Education Institute,Mumbai,"Blinc Advisors, Amit Nanavati, Tashwinder Singh, Taranjit Jaswal, Amit Khanna",Private Equity,"1,000,000.00"
1829,03/03/2016,2016,Shouut,Consumer Internet,Social Discovery Mobile app,New Delhi,Undisclosed investor,Seed Funding,"500,000.00"
1831,04/03/2016,2016,Aahaa,ECommerce,Office Products Super Store,Chennai,"YourNest Angel Fund,",Private Equity,"1,000,000.00"
1833,04/03/2016,2016,FTCash,Consumer Internet,Mobile Payments Platform,Kolkata,IvyCap Ventures,Seed Funding,"150,000.00"
1835,04/03/2016,2016,Zappka,Consumer Internet,Mobile App discovery and review platform,Gurgaon,"Daman Soni, Rajat Gupta & Others",Seed Funding,"100,000.00"
1837,04/03/2016,2016,medECUBE,Healthcare,Healthcare related Services provider,Gurgaon,Artiman Ventures,Private Equity,"4,000,000.00"
1838,07/03/2016,2016,N.O.W,Consumer Internet,Bike Taxi Service & Hyperlocal Delivery App,Noida,"Ruchirans Jaipuria, Anuj Sanghi",Seed Funding,"500,000.00"
1839,07/03/2016,2016,Ninjacart,ECommerce,B2B marketplace for Farmers & Retailers,Bangalore,"Accel Partners, Qualcomm Ventures, M&S Partners, Zop Smart",Private Equity,"3,000,000.00"
1840,07/03/2016,2016,Reach,Consumer Internet,Cross Platform P2P file sharing mobile app,Bangalore,"Rebright Partners, Sol Primero, Sudhir Anandarao, Ankur Warikoo, Ankur Singla",Seed Funding,"500,000.00"
1841,07/03/2016,2016,Vanity Cube,Consumer Internet,Hyperlocal Beauty Services platform,New Delhi,Unicorn Ventures,Seed Funding,"250,000.00"
1843,07/03/2016,2016,Medidaili,Consumer Internet,Medical Support service platform,Bangalore,Undisclosed private investors,Seed Funding,"100,000.00"
1847,08/03/2016,2016,LoveCycles,Consumer Internet,Women\\xe2\\x80\\x99s health Tracker,Bangalore,Prime Venture Partners,Seed Funding,"750,000.00"
1848,08/03/2016,2016,Kartrocket,ECommerce,ECommerce SAAS platform,New Delhi,"Undisclosed Japanese investor, Bertelsmann India Investments, Nirvana Digital India Fund, Nirvana Digital Investment Holding Co Ltd, 500 Start-Ups",Private Equity,"8,000,000.00"
1849,08/03/2016,2016,dunzo,Consumer Internet,Daily Task Management App,Bangalore,"Aspada Investment Advisors, Blume Ventures.",Seed Funding,"650,000.00"
1851,09/03/2016,2016,SmartVizX,Technology,Virtual Reality Solutions,Noida,"Indian Angel Network, Stanford Angels, Entrepreneurs India",Seed Funding,"500,000.00"
1852,09/03/2016,2016,MyGubbi,Real Estate,Interior Design & Home D\\xc3\\xa9cor Solutions,Bangalore,"Vipul Parekh, ajesh K Murthy,",Seed Funding,"2,500,000.00"
1853,09/03/2016,2016,Nukkad Shops,Consumer Internet,Hyperlocal Grocery Delivery Service,Hyderabad,PurpleTalk Inc,Seed Funding,"1,000,000.00"
1855,09/03/2016,2016,Justride,Consumer Internet,Self Drive Car Rental,Mumbai,Dheeraj Jain & Other angel investors,Seed Funding,"400,000.00"
1857,10/03/2016,2016,Big Fish Ventures,Food & Beverage,premium dining lounges Chain,New Delhi,Undisclosed investors,Private Equity,"11,100,000.00"
1859,10/03/2016,2016,Icertis,Technology,Contract Management Software Solutions platform,Pune/Seattle,"Ignition Partners, Greycroft Partners, Fidelity Growth Partners India",Private Equity,"15,000,000.00"
1860,10/03/2016,2016,Supplified,ECommerce,Construction material eTailer,New Delhi,Mohit Goel,Seed Funding,"1,000,000.00"
1862,14/03/2016,2016,PinkBlue,ECommerce,Medical Supplies eTailer,Bangalore,"Hari Krishna, Ajay Modani, Dr V Ravinder, Anirudh Rastogi, Abhishek Jain, Rakesh Gakhar, Rajeev Mudumba, Nagendra Prasad Bhanuprakash",Seed Funding,"223,608.00"
1863,14/03/2016,2016,TruckingCube,Logistics,"Domestic, Commercial, and Industrial Goods Movers",New Delhi,Agarwal Movers Group,Private Equity,"14,900,000.00"
1865,15/03/2016,2016,FlipClass,Consumer Internet,Tutor Search Platform,Bangalore,"S Chand and Co Pvt Ltd, Blume Ventures",Private Equity,"1,000,000.00"
1866,15/03/2016,2016,Proximit,Technology,Advertising Technology,Pune,Funding through 1Crowd platform,Seed Funding,"150,000.00"
1867,15/03/2016,2016,WithMe,Consumer Internet,Personalized Fashion App,Gurgaon,"Alex Kuruvilla, Pradeep Guha, Saket Dhankar, Rajan Pandhare",Seed Funding,"250,000.00"
1868,16/03/2016,2016,Gapoon,Consumer Internet,Hyperlocal Home Maintece services,Bangalore,"Chandrashekar Tallapragada, Pankaj Kapoor",Seed Funding,"180,000.00"
1871,16/03/2016,2016,Wealthy,Consumer Internet,Online Investment management portal,Bangalore,"Zishaan Hayath, Abhishek Goyal, Arjun and Rohan Malhotra, Harpreet Singh Grover, Gagan Dugal",Seed Funding,"250,000.00"
1872,17/03/2016,2016,Pramati,Healthcare,Specialized Patient Care platform,Noida,Undisclosed investors,Seed Funding,"200,000.00"
1873,17/03/2016,2016,Qlivery,Consumer Internet,Ondemand Concierge Service,Gurgaon,Swastika Company Ltd,Seed Funding,"230,000.00"
1874,17/03/2016,2016,HealthEnablr,Consumer Internet,Doctor Discovery and booking platform,Mumbai,Undisclosed investors,Seed Funding,"800,000.00"
1875,17/03/2016,2016,Liftiee,Consumer Internet,Car/ bike Pooling App,Mumbai,"Rannvijay Singh, Anita Hassanandani",Seed Funding,"108,000.00"
1876,18/03/2016,2016,Hello Curry,Food & Beverage,Quick Service Restaurant Chain,Hyderabad,Sashi Reddi & Other unnamed investors,Private Equity,"1,500,000.00"
1877,19/03/2016,2016,goSporto,Consumer Internet,Online Sports discovery and booking platform,New Delhi,Naveen Gupta,Seed Funding,"30,000.00"
1880,21/03/2016,2016,Room On Call,Consumer Internet,Budget hotel aggregator,Gurgaon,CASHurDRIVE Marketing Pvt Ltd,Private Equity,"2,000,000.00"
1881,22/03/2016,2016,Byju\\xe2\\x80\\x99s,Consumer Internet,Educational Video Content Creator,Bangalore,"Sequoia India, Sofina",Private Equity,"75,000,000.00"
1882,22/03/2016,2016,BigBasket,eCommerce,Online Grocery Shop,Bangalore,Abraaj Group,Private Equity,"150,000,000.00"
1883,22/03/2016,2016,DrivoJoy,Consumer Internet,On-demand 2-wheeler Servicing platform,Bangalore,"Indian Angel Network, Tracxn Labs & Others",Seed Funding,"600,000.00"
1886,22/03/2016,2016,CreditSeva,Consumer Internet,Online Credit management tools,Hyderabad,"Pix Vine Capital, Infocomm Development Authority of Singapore",Seed Funding,"360,000.00"
1888,23/03/2016,2016,Endless Robotics,Technology,Interior Painting Automation,Hyderabad,"Devidas Desai, Vipul Gautam, Singapore Angel Network",Seed Funding,"100,000.00"
1889,23/03/2016,2016,SP Robotics,Technology,Robotic Classes for Students,Chennai,"Indian Angel Network,",Seed Funding,"300,000.00"
1891,23/03/2016,2016,eKincare,Consumer Internet,Healthcare related solutions,Hyderabad,"BitChemy Ventures, Maheshwari Investments Pvt Ltd, Anshoo Gaur, Rama Krishna Reddy, Sandeep Seerapu",Private Equity,"330,000.00"
1893,23/03/2016,2016,Wheelstreet,Consumer Internet,Online Bike Rental platform,Bangalore,Broadbean Capital services,Private Equity,"500,000.00"
1894,24/03/2016,2016,Horntell,Consumer Internet,Unified Push Notification service,Gurgaon,"Bharanidharan Viswanathan, Sanjiv Mittal, Shobhit Shukla, Rahul Agarwal",Seed Funding,"150,000.00"
1895,28/03/2016,2016,Schoolkart,eCommerce,Online Marketplace for Schools,Noida,Undisclosed investors,Seed Funding,"300,000.00"
1897,29/03/2016,2016,Babygogo,Consumer Internet,Child healthcare experts aggregator mobile app,New Delhi,"Rajul Garg, Daljit Singh, Aditya Vij, Kishore Kumar, Shuchin Bajaj",Seed Funding,"300,000.00"
1898,29/03/2016,2016,Veritas Finance,Fice,Asset Based Lending platform,Chennai,Sarva Capital,Private Equity,"4,700,000.00"
1899,29/03/2016,2016,QikShip,Consumer Internet,Mobile based Logistics provider,New Delhi,undisclosed investors,Seed Funding,"200,000.00"
1900,29/03/2016,2016,FixNix,Consumer Internet,GRC SAAS Platform,Chennai,Jay Vijayan,Seed Funding,"500,000.00"
1902,30/03/2016,2016,Touchkin,Healthcare,Predictive Healthcare platform,Bangalore,"Alok Mittal, Amit Gupta, Anuj Srivastava, Himanshu Aggarwal, Raghunandan G, Puneet Agarwal",Seed Funding,"400,000.00"
1906,02/02/2016,2016,Altizone,Technology,IoT & M2M Solutions,Pune,"Wipro Ventures,\\xc2\\xa0 Lumis Partners",Private Equity,"4,000,000.00"
1908,02/02/2016,2016,Strike,Consumer Internet,Mobile Email productivity tool,Bangalore,Multiple investors through Ten Minute Million competition,Seed Funding,"22,500.00"
1910,02/02/2016,2016,Gamooz,Technology,Augmented Reality Solutions,Gurgaon,Multiple investors through Ten Minute Million competition,Seed Funding,"22,500.00"
1911,02/02/2016,2016,SoundSurround,Technology,Audio Technology Solutions,Mumbai,Multiple investors through Ten Minute Million competition,Seed Funding,"22,500.00"
1912,03/02/2016,2016,Mazkara,Consumer Internet,Beauty & Wellness Platform,Pune / Dubai,Dunamis Ventures Pte Ltd.,Seed Funding,"1,000,000.00"
1913,03/02/2016,2016,RoadGods,ECommerce,Auto Spare Parts eTailer,New Delhi,Green House Ventures (GHV),Seed Funding,"100,000.00"
1914,03/02/2016,2016,Pindropmusic,Consumer Internet,Music Discovery Mobile App,Noida,Green House Ventures (GHV),Seed Funding,"100,000.00"
1915,03/02/2016,2016,Woodpie,Consumer Internet,Book Recommendation Service,Bangalore,Ingram Content Group,Seed Funding,"30,000.00"
1916,04/02/2016,2016,Perfumery,ECommerce,Fragrances & Perfume eTailer,New Delhi,Oranda Global & Others,Seed Funding,"30,000.00"
1918,05/02/2016,2016,ZenDrive,Technology,Safe Driving Data & Analytics platform,Bangalore / SFO,"Sherpa Capital, Nyca Partners and Thomvest Ventures",Private Equity,"13,500,000.00"
1922,05/02/2016,2016,Gingercrush,Ecommerce,Personalized Products & Merchandize eTailer,Vadodara,"Saha Fund, TV Mohandas Pai, Zia Mody, Mumbai Angels, Ananda Kallugadde, Rakesh Desai, Rakesh Malhotra",Private Equity,"1,000,000.00"
1923,05/02/2016,2016,American Vision,Consumer Internet,Optical Store Aggregator Platform,Pune,Undisclosed investors,Seed Funding,"81,000.00"
1924,05/02/2016,2016,DawaiLelo,Consumer Internet,Healthcare Services & Online Pharmacy Mobile App,Varanasi,Undisclosed investors,Seed Funding,"52,000.00"
1925,06/02/2016,2016,Heads Up For Tails,Ecommerce,Pet Products eTailer,New Delhi,Undisclosed investors,Seed Funding,"1,000,000.00"
1928,08/02/2016,2016,iStyleYou,Consumer Internet,Personal Fashion Stylist App,Gurgaon,Green House Ventures (GHV),Seed Funding,"100,000.00"
1929,08/02/2016,2016,AdUrCup,Consumer Internet,Ad Network,New Delhi,Green House Ventures (GHV),Seed Funding,"100,000.00"
1933,08/02/2016,2016,Xpressbees,ECommerce,ECommerce Logistics solutions,Pune,"SAIF Partners, IDG Ventures India, Vertex Ventures, Valiant Capital",Private Equity,"12,500,000.00"
1938,10/02/2016,2016,Capzest,Consumer Internet,Digital Lending Platform,Mumbai,Lion Ventures,Seed Funding,"200,000.00"
1940,10/02/2016,2016,Affimity,Consumer Internet,Social Networking platform,Bangalore,undisclosed investors,Seed Funding,"1,200,000.00"
1941,10/02/2016,2016,Anandakanda,Technology,Medicine Intake Reminder System,Pune,undisclosed investors,Seed Funding,"150,000.00"
1946,12/02/2016,2016,ActOnMagic,Technology,Cloud Analytics and Management Products,Bangalore,Jayabalan Subramanian,Seed Funding,"125,000.00"
1947,12/02/2016,2016,Bonhomia,Food & Beverage,premium Tea and Coffee,New Delhi,"Alok Rawat, Grey Orange Robotics",Seed Funding,"1,000,000.00"
1948,12/02/2016,2016,iGrenEnergi,Technology,Solar Power Solutions,Mumbai,Sunil Mehta,Seed Funding,"1,000,000.00"
1949,12/02/2016,2016,RKSV,Consumer Internet,Online Stock Trading Platform,Mumbai,Kalaari Capital,Private Equity,"4,000,000.00"
1950,15/02/2016,2016,Aasaanjobs,Consumer Internet,Online Recruitment Marketplace,Mumbai,"Aspada Advisors, IDG Ventures,\\xc2\\xa0 Inventus Capital",Private Equity,"5,000,000.00"
1951,15/02/2016,2016,Snapdeal,eCommerce,Horizontal Online Marketplace,New Delhi,Ontario Teachers\\xe2\\x80\\x99 Pension Plan & Others,Private Equity,"200,000,000.00"
1954,15/02/2016,2016,GoYaNo,Consumer Internet,Events & Restaurant Discovery Marketplace App,Gurgaon,Mukesh Kumar Gupta,Seed Funding,"50,000.00"
1955,15/02/2016,2016,RentSher,Consumer Internet,Online Household Product Rental platform,Bangalore,"Vaibhav Doshi, Abhay Singhal, Vibhu Garg, Joby Babu, Abhishek Acharya, Manish Shah",Seed Funding,"300,000.00"
1956,15/02/2016,2016,Buddy,Fice,Micro Lending Platform for eCommerce purchases,Bangalore,"Blume Ventures,\\xc2\\xa0 Tracxn Labs",Seed Funding,"500,000.00"
1958,16/02/2016,2016,TableHero,Consumer Internet,Dynamic Restaurant Website creator,Bangalore,"GrowX Ventures, Kunal Shah, Sandeep Tandon, Haresh Chawla, Powai Lake Ventures, Globevestor",Seed Funding,"1,000,000.00"
1959,16/02/2016,2016,BetterPlace,Technology,Data analytics based Verification services Platform,Bangalore,Unitus Seed Fund,Seed Funding,"970,000.00"
1961,16/02/2016,2016,icustommadeit,eCommerce,Professional Custom creators Marketplace,Pune,"Brand Capital, Siddhivinayak Skyscrapers, Dinesh R. Challa",Private Equity,"4,000,000.00"
1965,17/02/2016,2016,GameZop,Technology,Mobile Gaming Platform,New Delhi,"KWAN Entertainment & Marketing Solutions, Powerhouse Ventures & Others",Seed Funding,"350,000.00"
1967,17/02/2016,2016,The Viral Fever,Consumer Internet,Independent Online Video production company,Mumbai,Tiger Global,Private Equity,"10,000,000.00"
1968,17/02/2016,2016,Avanti Learning,Education,Private Coaching Classes,New Delhi,Michael & Susan Dell Foundation,Private Equity,"5,000,000.00"
1971,18/02/2016,2016,HealthKumbh,Consumer Internet,Health related Information portal,Ahmedabad,Undisclosed investor,Seed Funding,"73,000.00"
1974,18/02/2016,2016,Careongo,ECommerce,Online Pharmacy store,New Delhi,Farooq Oomerbhoy & Other angel investors,Seed Funding,"300,000.00"
1975,18/02/2016,2016,Ark Robot,Technology,Warehouse Automation,Bangalore,Qualcomm (Through QPrize Contest),Seed Funding,"350,000.00"
1976,19/02/2016,2016,Jaypore,ECommerce,Ethnic Products marketplace,New Delhi,Aavishkaar,Private Equity,"5,000,000.00"
1979,19/02/2016,2016,Advantage Club,Consumer Internet,mobile platform for corporate employee benefits,Gurgaon,Purvi Ventures & Others,Seed Funding,"400,000.00"
1981,22/02/2016,2016,Baby Berry,Consumer Internet,Parenting Mobile app,Bangalore,Nitin Bagmane & Other undisclosed investors,Seed Funding,"1,000,000.00"
1982,22/02/2016,2016,Magicpin,Consumer Internet,Hyperlocal Discover Mobile App,New Delhi,Lightspeed India,Private Equity,"3,000,000.00"
1983,22/02/2016,2016,First Eat,Consumer Internet,Healthy Food Delivery platform,New Delhi,Undisclosed investor,Seed Funding,"100,000.00"
1985,22/02/2016,2016,Taskbob,Consumer Internet,Hyperlocal Handyman services platform,Mumbai,"IvyCap Ventures, Orios Venture Partners, Mayfield India",Private Equity,"4,500,000.00"
1986,22/02/2016,2016,Styledotme,Consumer Internet,Mobile Fashion App,New Delhi,Indian Angel Network,Seed Funding,"37,000.00"
1988,23/02/2016,2016,CupoNation,Consumer Internet,Deals and Discount platform,Gurgaon,"Rocket Internet AG, Holtzbrink Ventures, New Enterprise Associates (NEA), e.ventures, ru-Net, Deutsche Telekom Strategic Investments (DTSI), Silicon Valley Bank",Private Equity,"11,000,000.00"
1990,24/02/2016,2016,Sayfix,Consumer Internet,Hyperlocal Home Services Provider,Bangalore,Yajnanarayana Kammaje,Seed Funding,"160,000.00"
1992,24/02/2016,2016,NoBroker,Consumer Internet,Peer to peer property listing platform,Bangalore,"Beenext, Digital Garage, Beenos, Qualgro, Mamoru Taniya, SAIF Partners",Private Equity,"10,000,000.00"
1993,24/02/2016,2016,AppilyEver,Consumer Internet,Online wedding services marketplace,Hyderabad,"Varun Aggarwal, Suresh Venkat, Raj Y",Seed Funding,"400,000.00"
1994,24/02/2016,2016,Pocketin,Consumer Internet,Hotel reservations & Deal platform,Noida,Swastika Company Ltd,Seed Funding,"150,000.00"
1996,25/02/2016,2016,OfBusiness,eCommerce,B2B commerce Marketplace,Gurgaon,Matrix Partners India,Private Equity,"5,000,000.00"
1998,25/02/2016,2016,Juspay,Consumer Internet,Digital Payments solutions,Bangalore,"Accel Partners, Ashish Hemrajani, Parikshit Dar, Rajesh Balpande",Private Equity,"5,800,000.00"
1999,25/02/2016,2016,Funcart,eCommerce,Party Supplies Etailer,New Delhi,Undisclosed HNIs,Seed Funding,"70,000.00"
2000,26/02/2016,2016,Freedom Smart Labs,Technology,IoT retail solutions,New Delhi,Kapil Goel,Seed Funding,"145,000.00"
2001,26/02/2016,2016,EduBridge,Consumer Internet,Skill development and vocational training platform,Mumbai,"Insitor Impact Asia Fund, Acumen Fund",Private Equity,"2,500,000.00"
2003,29/02/2016,2016,Hopscotch,eCommerce,Baby & Kids Products Online Flash sales platform,Mumbai,Eduardo Saverin,Private Equity,"13,000,000.00"
2009,04/01/2016,2016,B9 Beverages,Food & Beverage,Craft Beer manufacturing company,New Delhi,"Sequoia Capital, Kunal Bahl, Rohit Bansal, Deepinder Goyal, Ashish Dhawan, Mayank Singhal",Private Equity,"6,000,000.00"
2011,05/01/2016,2016,MyChild App,Education,Child Disorder Information & Education,Bhopal,"Samir Bangara, Anisha Mittal, Amit Gupta, Pallav Nadhani, Lalit Mangal, Arihant Patni, Dr. Ritesh Malik, Deobrat Singh, Saurab Paruthi, Singapore Angel Network.",Seed Funding,"100,000.00"
2013,05/01/2016,2016,360Ride,Consumer Internet,Ride Sharing platform,Bangalore,Undisclosed,Seed Funding,"150,000.00"
2014,05/01/2016,2016,Alef\\nMobitech,Consumer Internet,Cloud Mobility Solutions,Mumbai,Tata Capital Innovation Fund,Private Equity,"5,000,000.00"
2017,06/01/2016,2016,Sensara,Technology,"TV Search, Guide and Remote mobile app",Bangalore,"Lalitesh Katragadda,\\xc2\\xa0 Ganayantrika Systems",Seed Funding,"750,000.00"
2018,06/01/2016,2016,Zebpay,Consumer Internet,Bitcoin Buying & Selling Mobile App,Ahmedabad,"Arjun Handa, Amit Jindal, Nagendra Chaudhary",Private Equity,"1,000,000.00"
2019,06/01/2016,2016,PlanMy\\nMedicalTrip,Healthcare,Medical Tourism platform,Pune,"Bhanu Vikram Parsotam, Rohan Desai and Paras Patel",Seed Funding,"150,000.00"
2020,06/01/2016,2016,MyCity4Kids,Education,Children Education & Information platform,Gurgaon,"SIDBI Venture Capital Limited, YourNest Angel Fund",Private Equity,"3,000,000.00"
2021,06/01/2016,2016,Justdakhila.com,Education,School Student admissions platform,New Delhi,Ankur Gupta,Seed Funding,"750,000.00"
2024,07/01/2016,2016,Infurnia,Consumer Internet,Online Furniture Customization platform,Bangalore,Idein Ventures,Seed Funding,"160,000.00"
2025,07/01/2016,2016,Myly,Education,Mobile Based Education platform,Jaipur,Newbie Promoter Pvt Ltd,Seed Funding,"100,000.00"
2026,07/01/2016,2016,MakeMyTrip,Consumer Internet,Online Travel/Hotel Booking platform,Gurgaon,Ctrip.com International Ltd,Private Equity,"180,000,000.00"
2027,08/01/2016,2016,Melorra,ECommerce,Online/ Mobile Jewellery Retailer,Bangalore,Lightbox Ventures,Private Equity,"5,000,000.00"
2028,08/01/2016,2016,ConfirmTKT,Consumer Internet,Train PNR Status Prediction Platform,Bangalore,"Krishna Jhujhunwala, Dr. Apoorv Ranjan Sharma, Anirudh Damani, Anand Ladsariya, Sanjay Mehta & Others",Seed Funding,"250,000.00"
2029,08/01/2016,2016,Gyaanzone,Education,Career Planning and Education Advisory Platform,Mumbai,GBIM Technologies Pvt Ltd,Seed Funding,"45,000.00"
2032,11/01/2016,2016,Koovs,ECommerce,Online Fashion Apparel Retailer,Gurgaon,"Nahata Family, Waheed Alli",Private Equity,"5,400,000.00"
2034,11/01/2016,2016,FreshMenu,Consumer Internet,Online / Mobile Food Ordering platform,Bangalore,"Zodius Capital, Lightspeed Venture Partners",Private Equity,"16,500,000.00"
2035,11/01/2016,2016,SavvyMob,ECommerce,Last Minute Hotel Bookings mobile marketplace,Bangalore,"TV Mohandas Pai, LetsVenture",Seed Funding,"1,000,000.00"
2037,12/01/2016,2016,Shopclues,ECommerce,ECommerce Marketplace,Gurgaon,"GIC, Tiger Global Management, Nexus Venture Partners",Private Equity,"100,000,000.00"
2039,12/01/2016,2016,iBus Networks,Technology,Next Generation in-building connectivity,Bangalore,"Vallabh Bhanshali, N Squared Management LLC, Jagdish & Sandeep Mehta Family Office",Private Equity,"2,300,000.00"
2040,12/01/2016,2016,Happy2Refer,Consumer Internet,Mobile based Referral Platform,Mumbai,"Equity Crest, Vinners, Sparknext",Seed Funding,"250,000.00"
2041,13/01/2016,2016,CarTrade,Consumer Internet,Auto Classifieds Portal,Mumbai,"Temasek Holdings, March Capital, Warburg Pincus",Private Equity,"145,000,000.00"
2042,13/01/2016,2016,Rentomo,Consumer Internet,peer-to-peer renting Marketplace,Bangalore,Shiva Ashok & Other unnamed investors,Seed Funding,"100,000.00"
2043,13/01/2016,2016,Roder,Consumer Internet,inter-city cab aggregator,New Delhi,Unicorn India Ventures,Seed Funding,"240,000.00"
2045,13/01/2016,2016,Care24,Healthcare,Professional Health Services Platform,Mumbai,"SAIF Partners, India Quotient",Private Equity,"4,000,000.00"
2049,14/01/2016,2016,Orahi,Consumer Internet,Carpooling Mobile App,Gurgaon,Indian Angel Network,Seed Funding,"520,000.00"
2052,15/01/2016,2016,Fitso,Consumer Internet,Fitness related Social Networking App & Forum,Gurgaon,"Varun Khurana, Samar Singla, Vinay Bansal,",Seed Funding,"200,000.00"
2058,18/01/2016,2016,Kartrocket,Consumer Internet,SAAS DIY\\xc2\\xa0 ECommerce Platform,New Delhi,"Bertelsmann India Investments, Nirvana Digital India Fund, Nirvana Digital Investment Holding, 500 Startups",Private Equity,"6,000,000.00"
2059,19/01/2016,2016,Swiggy,Consumer Internet,Online/Mobile food ordering platform,Bangalore,"Harmony Partners, RB Investments & existing investors",Private Equity,"35,000,000.00"
2063,19/01/2016,2016,DailyObjects,ECommerce,Mobile Accessories etailer,New Delhi,"Unilazer Fund,\\xc2\\xa0 Phanindra Sama, Peyush Bansal",Private Equity,"1,400,000.00"
2064,19/01/2016,2016,Indus OS,Technology,Local language Mobile OS,Mumbai,"Omidyar Network,",Private Equity,"5,000,000.00"
2065,19/01/2016,2016,CollegeDunia,Consumer Internet,Educational College Search platform,New Delhi,Umang Kumar,Seed Funding,"445,000.00"
2066,19/01/2016,2016,Villgro,Fice,Social Business Incubator & Fund,Chennai,"Lemelson Foundation, Michael and Susan Dell Foundation",Private Equity,"3,500,000.00"
2068,20/01/2016,2016,IndustryBuying,ECommerce,B2B Industrial Goods Marketplace,New Delhi,Trifecta Capital,Private Equity,"1,800,000.00"
2069,20/01/2016,2016,Just Buy Live,ECommerce,B2B Marketplace for Distributors,Mumbai,Alpha Capital,Private Equity,"20,000,000.00"
2070,20/01/2016,2016,IMbesharam,ECommerce,Adult Products Etailers,New Delhi / US,Undisclosed US Based Investors,Private Equity,"4,000,000.00"
2071,20/01/2016,2016,Moodoo,Consumer Internet,Social Meeting organizer App,Mumbai / UK,Sa\\xc3\\xafd Business School Seed Fund.,Seed Funding,"40,000.00"
2074,21/01/2016,2016,Fisdom,Consumer Internet,Personal Fice Mobile App,Bangalore,Rob Chandra,Seed Funding,"500,000.00"
2075,21/01/2016,2016,Easypolicy,Consumer Internet,Online insurance policy aggregator,Noida,Unilazer Ventures,Private Equity,"2,200,000.00"
2076,21/01/2016,2016,Housing.com,Consumer Internet,Online Real Estate Portal,Mumbai,SoftBank Corp,Private Equity,"15,000,000.00"
2077,21/01/2016,2016,CREO,Technology,Smartphone OS Developer,Bangalore,"Sequoia Capital, Beenext Ventures, India Quotient, Anand Chandrasekaran",Private Equity,"3,000,000.00"
2078,22/01/2016,2016,ShabdaNagari,Consumer Internet,Hindi Language Social Networking Portal,Kanpur,Kanpur Angels & Others,Seed Funding,"200,000.00"
2080,22/01/2016,2016,SnapBizz,ECommerce,Mobile based Retail Market Ecosystem,Bangalore,"Jungle Ventures, Taurus Value Creation, Konly Venture, Blume Ventures",Private Equity,"7,200,000.00"
2083,22/01/2016,2016,Silvan,Technology,Home Automation & Security Solutions,Bangalore,The Chennai Angels,Seed Funding,"515,000.00"
2084,22/01/2016,2016,EPS,Technology,Electronic Payments Solution Company,Mumbai,APIS Partners,Private Equity,"35,000,000.00"
2085,22/01/2016,2016,Qubole,Technology,Enterprise Cloud Based Data Processing,Bangalore,"Institutional Venture Partners, Norwest Venture Partners, Lightspeed Venture Partners, CRV",Private Equity,"30,000,000.00"
2087,25/01/2016,2016,SIFTR Labs,Consumer Internet,Photography curation & Aggregator platform,Mumbai,Venture Catalysts,Seed Funding,"150,000.00"
2088,25/01/2016,2016,Power2SME,Consumer Internet,SME Online Buying Hub,Gurgaon,"Nandan Nilekani, Accel Partners, Kalaari Capital and Inventus Capital",Private Equity,"21,000,000.00"
2091,27/01/2016,2016,Buildzar,ECommerce,Construction Material ETailer,Gurgaon,Puneet Dalmia,Private Equity,"4,000,000.00"
2092,27/01/2016,2016,Applicate,Technology,"Sales, Market, Distribution & Data Analytics Platform",Bangalore,Undisclosed investors,Seed Funding,"1,000,000.00"
2094,28/01/2016,2016,Zebi (yet to launch),Technology,Data Intelligence & Analytics,Hyderabad,Un disclosed investors,Seed Funding,"1,000,000.00"
2095,28/01/2016,2016,Truce,FMCG,Vegetables & Fruits Supply Chain,Mumbai,"Anupam Mittal, Amit Gupta, Utsav Somani, Neeraj Goenka, Farooq Adam Mukadam",Seed Funding,"370,000.00"
2099,29/01/2016,2016,Qriyo,Consumer Internet,Online Fitness & Educational information Aggregator,Jodhpur,Idein Ventures,Seed Funding,"160,000.00"
2101,29/01/2016,2016,Aisle,Consumer Internet,Indians focused Matchmaking App,Bangalore,"TermSheet, ah! Ventures",Seed Funding,"185,000.00"
2102,29/01/2016,2016,FreshMenu,Consumer Internet,Fresh Food Delivery platform,Bangalore,"Zodius Technology Fund, Lightspeed Venture Partners",Private Equity,"17,000,000.00"
2103,29/01/2016,2016,Truebil,ECommerce,Online marketplace for cars,Mumbai,"Kalaari Capital, Inventus Capital, Tekton Ventures, Kae Capital",Private Equity,"5,150,000.00"
2104,29/01/2016,2016,Rare Media,Technology,Mobile & Cloud based App developer,New Delhi,Info Edge (India) Ltd,Private Equity,"1,100,000.00"